Workbook

Sheet Corrected Targets
A1: id | B1: hf_code | C1: hf_name | F1: HF Match | G1: Pop Match | H1: Region | I1: province_code | J1: province_iso_code | K1: province | L1: district_code | M1: district_iso_code | N1: district | O1: churchtype | P1: is_church | Q1: status | R1: hf_type | S1: province_id | T1: total_pop | U1: pop_15_44_yrs | V1: pop_less_then_1_yr | W1: estimated_births | X1: preg_target | Y1: non_preg_target
A2: 78 | B2: 30301 | C2: Agevairu SC | D2: Agevairu SC | E2: 10532 | F2: =IF(C2=D2,"Match","Not Match") -> Match | G2: =IF(E2=T2,"Match","Not Match") -> Match | H2: Southern | I2: 3 | J2: PG-CPM | K2: Central | L2: 303 | M2: PG0303 | N2: KAIRUKU/HIRI | P2: FALSE | Q2: Active | R2: HF | S2: 3 | T2: 10532 | U2: =T2*20% -> 2106.4 | V2: 269 | W2: 207 | X2: =T2*3% -> 315.96 | Y2: =U2-X2 -> 1790.44
A3: 79 | B3: 30302 | C3: Akufa SC | D3: Akufa SC | E3: 6227 | F3: =IF(C3=D3,"Match","Not Match") -> Match | G3: =IF(E3=T3,"Match","Not Match") -> Match | H3: Southern | I3: 3 | J3: PG-CPM | K3: Central | L3: 303 | M3: PG0303 | N3: KAIRUKU/HIRI | O3: Catholic | P3: TRUE | Q3: Active | R3: HF | S3: 3 | T3: 6227 | U3: =T3*20% -> 1245.4 | V3: 169 | W3: 130 | X3: =T3*3% -> 186.81 | Y3: =U3-X3 -> 1058.59
A4: 80 | B4: 30303 | C4: Bakoiudu SC | D4: Bakoiudu SC | E4: 3690 | F4: =IF(C4=D4,"Match","Not Match") -> Match | G4: =IF(E4=T4,"Match","Not Match") -> Match | H4: Southern | I4: 3 | J4: PG-CPM | K4: Central | L4: 303 | M4: PG0303 | N4: KAIRUKU/HIRI | O4: Catholic | P4: TRUE | Q4: Active | R4: HF | S4: 3 | T4: 3690 | U4: =T4*20% -> 738 | V4: 104 | W4: 80 | X4: =T4*3% -> 110.7 | Y4: =U4-X4 -> 627.3
A5: 11392 | B5: 30107 | C5: Bam CHP | D5: Bam CHP | E5: 5038 | F5: =IF(C5=D5,"Match","Not Match") -> Match | G5: =IF(E5=T5,"Match","Not Match") -> Match | H5: Southern | I5: 3 | J5: PG-CPM | K5: Central | L5: 301 | M5: PG0301 | N5: ABAU | P5: FALSE | Q5: Active | R5: HF | S5: 3 | T5: 5038 | U5: =T5*20% -> 1007.6 | V5: 547 | W5: 418 | X5: =T5*3% -> 151.14 | Y5: =U5-X5 -> 856.46
A6: 81 | B6: 30304 | C6: Bereina HC | D6: Bereina HC | E6: 14298 | F6: =IF(C6=D6,"Match","Not Match") -> Match | G6: =IF(E6=T6,"Match","Not Match") -> Match | H6: Southern | I6: 3 | J6: PG-CPM | K6: Central | L6: 303 | M6: PG0303 | N6: KAIRUKU/HIRI | P6: FALSE | Q6: Active | R6: HF | S6: 3 | T6: 14298 | U6: =T6*20% -> 2859.6 | V6: 345 | W6: 312 | X6: =T6*3% -> 428.94 | Y6: =U6-X6 -> 2430.66
A7: 97 | B7: 30401 | C7: Boku SC | D7: Boku SC | E7: 3726 | F7: =IF(C7=D7,"Match","Not Match") -> Match | G7: =IF(E7=T7,"Match","Not Match") -> Match | H7: Southern | I7: 3 | J7: PG-CPM | K7: Central | L7: 304 | M7: PG0304 | N7: RIGO | P7: FALSE | Q7: Active | R7: HF | S7: 3 | T7: 3726 | U7: =T7*20% -> 745.2 | V7: 278 | W7: 252 | X7: =T7*3% -> 111.78 | Y7: =U7-X7 -> 633.42
A8: 102 | B8: 30406 | C8: Boregaina SC | D8: Boregaina SC | E8: 4954 | F8: =IF(C8=D8,"Match","Not Match") -> Match | G8: =IF(E8=T8,"Match","Not Match") -> Match | H8: Southern | I8: 3 | J8: PG-CPM | K8: Central | L8: 304 | M8: PG0304 | N8: RIGO | O8: Salvation Army | P8: TRUE | Q8: Active | R8: HF | S8: 3 | T8: 4954 | U8: =T8*20% -> 990.8 | V8: 228 | W8: 207 | X8: =T8*3% -> 148.62 | Y8: =U8-X8 -> 842.18
A9: 65 | B9: 30101 | C9: Boru HC | D9: Boru HC | E9: 1997 | F9: =IF(C9=D9,"Match","Not Match") -> Match | G9: =IF(E9=T9,"Match","Not Match") -> Match | H9: Southern | I9: 3 | J9: PG-CPM | K9: Central | L9: 301 | M9: PG0301 | N9: ABAU | O9: United Church | P9: TRUE | Q9: Active | R9: HF | S9: 3 | T9: 1997 | U9: =T9*20% -> 399.4 | V9: 136 | W9: 123 | X9: =T9*3% -> 59.91 | Y9: =U9-X9 -> 339.49
A10: 90 | B10: 30313 | C10: Doa SC | D10: Doa SC | E10: 4111 | F10: =IF(C10=D10,"Match","Not Match") -> Match | G10: =IF(E10=T10,"Match","Not Match") -> Match | H10: Southern | I10: 3 | J10: PG-CPM | K10: Central | L10: 303 | M10: PG0303 | N10: KAIRUKU/HIRI | P10: FALSE | Q10: Active | R10: HF | S10: 3 | T10: 4111 | U10: =T10*20% -> 822.2 | V10: 342 | W10: 315 | X10: =T10*3% -> 123.33 | Y10: =U10-X10 -> 698.87
A11: 98 | B11: 30402 | C11: Dorobisoro SC | D11: Dorobisoro SC | E11: 2310 | F11: =IF(C11=D11,"Match","Not Match") -> Match | G11: =IF(E11=T11,"Match","Not Match") -> Match | H11: Southern | I11: 3 | J11: PG-CPM | K11: Central | L11: 304 | M11: PG0304 | N11: RIGO | P11: FALSE | Q11: Active | R11: HF | S11: 3 | T11: 2310 | U11: =T11*20% -> 462 | V11: 243 | W11: 224 | X11: =T11*3% -> 69.3 | Y11: =U11-X11 -> 392.7
A12: 82 | B12: 30305 | C12: Efogi SC | D12: Efogi SC | E12: 1202 | F12: =IF(C12=D12,"Match","Not Match") -> Match | G12: =IF(E12=T12,"Match","Not Match") -> Match | H12: Southern | I12: 3 | J12: PG-CPM | K12: Central | L12: 303 | M12: PG0303 | N12: KAIRUKU/HIRI | O12: Seventh-Day Adventist | P12: TRUE | Q12: Active | R12: HF | S12: 3 | T12: 1202 | U12: =T12*20% -> 240.4 | V12: 210 | W12: 193 | X12: =T12*3% -> 36.06 | Y12: =U12-X12 -> 204.34
A13: 70 | B13: 30201 | C13: Fane SC | D13: Fane SC | E13: 10766 | F13: =IF(C13=D13,"Match","Not Match") -> Match | G13: =IF(E13=T13,"Match","Not Match") -> Match | H13: Southern | I13: 3 | J13: PG-CPM | K13: Central | L13: 302 | M13: PG0302 | N13: GOILALA | O13: Catholic | P13: TRUE | Q13: Active | R13: HF | S13: 3 | T13: 10766 | U13: =T13*20% -> 2153.2 | V13: 1478 | W13: 1181 | X13: =T13*3% -> 322.98 | Y13: =U13-X13 -> 1830.22
A14: 83 | B14: 30306 | C14: Goldie SC | D14: Goldie SC | E14: 1854 | F14: =IF(C14=D14,"Match","Not Match") -> Match | G14: =IF(E14=T14,"Match","Not Match") -> Match | H14: Southern | I14: 3 | J14: PG-CPM | K14: Central | L14: 303 | M14: PG0303 | N14: KAIRUKU/HIRI | P14: FALSE | Q14: Active | R14: HF | S14: 3 | T14: 1854 | U14: =T14*20% -> 370.8 | V14: 499 | W14: 434 | X14: =T14*3% -> 55.62 | Y14: =U14-X14 -> 315.18
A15: 99 | B15: 30403 | C15: Hula SC | D15: Hula SC | E15: 18131 | F15: =IF(C15=D15,"Match","Not Match") -> Match | G15: =IF(E15=T15,"Match","Not Match") -> Match | H15: Southern | I15: 3 | J15: PG-CPM | K15: Central | L15: 304 | M15: PG0304 | N15: RIGO | O15: United Church | P15: TRUE | Q15: Active | R15: HF | S15: 3 | T15: 18131 | U15: =T15*20% -> 3626.2 | V15: 399 | W15: 380 | X15: =T15*3% -> 543.93 | Y15: =U15-X15 -> 3082.27
A16: 84 | B16: 30307 | C16: Inawaia SC | D16: Inawaia SC | E16: 8677 | F16: =IF(C16=D16,"Match","Not Match") -> Match | G16: =IF(E16=T16,"Match","Not Match") -> Match | H16: Southern | I16: 3 | J16: PG-CPM | K16: Central | L16: 303 | M16: PG0303 | N16: KAIRUKU/HIRI | O16: Catholic | P16: TRUE | Q16: Active | R16: HF | S16: 3 | T16: 8677 | U16: =T16*20% -> 1735.4 | V16: 345 | W16: 328 | X16: =T16*3% -> 260.31 | Y16: =U16-X16 -> 1475.09
A17: 66 | B17: 30102 | C17: Iruna HC | D17: Iruna HC | E17: 15376 | F17: =IF(C17=D17,"Match","Not Match") -> Match | G17: =IF(E17=T17,"Match","Not Match") -> Match | H17: Southern | I17: 3 | J17: PG-CPM | K17: Central | L17: 301 | M17: PG0301 | N17: ABAU | O17: United Church | P17: TRUE | Q17: Active | R17: HF | S17: 3 | T17: 15376 | U17: =T17*20% -> 3075.2 | V17: 629 | W17: 599 | X17: =T17*3% -> 461.28 | Y17: =U17-X17 -> 2613.92
A18: 100 | B18: 30404 | C18: Kak SC | D18: Kak SC | E18: 5845 | F18: =IF(C18=D18,"Match","Not Match") -> Match | G18: =IF(E18=T18,"Match","Not Match") -> Match | H18: Southern | I18: 3 | J18: PG-CPM | K18: Central | L18: 304 | M18: PG0304 | N18: RIGO | P18: FALSE | Q18: Active | R18: HF | S18: 3 | T18: 5845 | U18: =T18*20% -> 1169 | V18: 1388 | W18: 1222 | X18: =T18*3% -> 175.35 | Y18: =U18-X18 -> 993.65
A19: 817 | B19: 30321 | C19: Kanosia SC | D19: Kanosia SC | E19: 2066 | F19: =IF(C19=D19,"Match","Not Match") -> Match | G19: =IF(E19=T19,"Match","Not Match") -> Match | H19: Southern | I19: 3 | J19: PG-CPM | K19: Central | L19: 303 | M19: PG0303 | N19: KAIRUKU/HIRI | O19: Catholic | P19: TRUE | Q19: Active | R19: HF | S19: 3 | T19: 2066 | U19: =T19*20% -> 413.2 | V19: 349 | W19: 368 | X19: =T19*3% -> 61.98 | Y19: =U19-X19 -> 351.22
A20: 103 | B20: 30407 | C20: Kokorogoro SC | D20: Kokorogoro SC | E20: 2887 | F20: =IF(C20=D20,"Match","Not Match") -> Match | G20: =IF(E20=T20,"Match","Not Match") -> Match | H20: Southern | I20: 3 | J20: PG-CPM | K20: Central | L20: 304 | M20: PG0304 | N20: RIGO | O20: Salvation Army | P20: TRUE | Q20: Active | R20: HF | S20: 3 | T20: 2887 | U20: =T20*20% -> 577.4 | V20: 192 | W20: 184 | X20: =T20*3% -> 86.61 | Y20: =U20-X20 -> 490.79
A21: 816 | B21: 30320 | C21: Kubuna SC | D21: Kubuna SC | E21: 2571 | F21: =IF(C21=D21,"Match","Not Match") -> Match | G21: =IF(E21=T21,"Match","Not Match") -> Match | H21: Southern | I21: 3 | J21: PG-CPM | K21: Central | L21: 303 | M21: PG0303 | N21: KAIRUKU/HIRI | O21: Catholic | P21: TRUE | Q21: Active | R21: HF | S21: 3 | T21: 2571 | U21: =T21*20% -> 514.2 | V21: 117 | W21: 107 | X21: =T21*3% -> 77.13 | Y21: =U21-X21 -> 437.07
A22: 67 | B22: 30103 | C22: Kupiano HC | D22: Kupiano HC | E22: 20332 | F22: =IF(C22=D22,"Match","Not Match") -> Match | G22: =IF(E22=T22,"Match","Not Match") -> Match | H22: Southern | I22: 3 | J22: PG-CPM | K22: Central | L22: 301 | M22: PG0301 | N22: ABAU | P22: FALSE | Q22: Active | R22: HF | S22: 3 | T22: 20332 | U22: =T22*20% -> 4066.4 | V22: 438 | W22: 400 | X22: =T22*3% -> 609.96 | Y22: =U22-X22 -> 3456.44
A23: 93 | B23: 30316 | C23: Kuriva SC | D23: Kuriva SC | E23: 7124 | F23: =IF(C23=D23,"Match","Not Match") -> Match | G23: =IF(E23=T23,"Match","Not Match") -> Match | H23: Southern | I23: 3 | J23: PG-CPM | K23: Central | L23: 303 | M23: PG0303 | N23: KAIRUKU/HIRI | P23: FALSE | Q23: Active | R23: HF | S23: 3 | T23: 7124 | U23: =T23*20% -> 1424.8 | V23: 131 | W23: 119 | X23: =T23*3% -> 213.72 | Y23: =U23-X23 -> 1211.08
A24: 101 | B24: 30405 | C24: Kwikila HC | D24: Kwikila HC | E24: 39570 | F24: =IF(C24=D24,"Match","Not Match") -> Match | G24: =IF(E24=T24,"Match","Not Match") -> Match | H24: Southern | I24: 3 | J24: PG-CPM | K24: Central | L24: 304 | M24: PG0304 | N24: RIGO | P24: FALSE | Q24: Active | R24: HO | S24: 3 | T24: 39570 | U24: =T24*20% -> 7914 | V24: 308 | W24: 282 | X24: =T24*3% -> 1187.1 | Y24: =U24-X24 -> 6726.9
A25: 94 | B25: 30317 | C25: Laloki Hospital | D25: Laloki Hospital | E25: 4257 | F25: =IF(C25=D25,"Match","Not Match") -> Match | G25: =IF(E25=T25,"Match","Not Match") -> Match | H25: Southern | I25: 3 | J25: PG-CPM | K25: Central | L25: 303 | M25: PG0303 | N25: KAIRUKU/HIRI | P25: FALSE | Q25: Active | R25: HO | S25: 3 | T25: 4257 | U25: =T25*20% -> 851.4 | V25: 810 | W25: 740 | X25: =T25*3% -> 127.71 | Y25: =U25-X25 -> 723.69
A26: 818 | B26: 30322 | C26: Manari SC | D26: Manari SC | E26: 1365 | F26: =IF(C26=D26,"Match","Not Match") -> Match | G26: =IF(E26=T26,"Match","Not Match") -> Match | H26: Southern | I26: 3 | J26: PG-CPM | K26: Central | L26: 303 | M26: PG0303 | N26: KAIRUKU/HIRI | O26: Seventh-Day Adventist | P26: TRUE | Q26: Active | R26: HF | S26: 3 | T26: 1365 | U26: =T26*20% -> 273 | V26: 177 | W26: 139 | X26: =T26*3% -> 40.95 | Y26: =U26-X26 -> 232.05
A27: 68 | B27: 30104 | C27: Moreguina HC | D27: Moreguina HC | E27: 14064 | F27: =IF(C27=D27,"Match","Not Match") -> Match | G27: =IF(E27=T27,"Match","Not Match") -> Match | H27: Southern | I27: 3 | J27: PG-CPM | K27: Central | L27: 301 | M27: PG0301 | N27: ABAU | P27: FALSE | Q27: Active | R27: HF | S27: 3 | T27: 14064 | U27: =T27*20% -> 2812.8 | V27: 556 | W27: 447 | X27: =T27*3% -> 421.92 | Y27: =U27-X27 -> 2390.88
A28: 72 | B28: 30203 | C28: Ononge SC | D28: Ononge SC | E28: 8111 | F28: =IF(C28=D28,"Match","Not Match") -> Match | G28: =IF(E28=T28,"Match","Not Match") -> Match | H28: Southern | I28: 3 | J28: PG-CPM | K28: Central | L28: 302 | M28: PG0302 | N28: GOILALA | O28: Catholic | P28: TRUE | Q28: Active | R28: HF | S28: 3 | T28: 8111 | U28: =T28*20% -> 1622.2 | V28: 441 | W28: 407 | X28: =T28*3% -> 243.33 | Y28: =U28-X28 -> 1378.87
A29: 96 | B29: 30319 | C29: Papa SC | D29: Papa SC | E29: 6958 | F29: =IF(C29=D29,"Match","Not Match") -> Match | G29: =IF(E29=T29,"Match","Not Match") -> Match | H29: Southern | I29: 3 | J29: PG-CPM | K29: Central | L29: 303 | M29: PG0303 | N29: KAIRUKU/HIRI | O29: Salvation Army | P29: TRUE | Q29: Active | R29: HF | S29: 3 | T29: 6958 | U29: =T29*20% -> 1391.6 | V29: 343 | W29: 317 | X29: =T29*3% -> 208.74 | Y29: =U29-X29 -> 1182.86
A30: 11344 | B30: 30106 | C30: Paramana SC | D30: Paramana SC | E30: 15150 | F30: =IF(C30=D30,"Match","Not Match") -> Match | G30: =IF(E30=T30,"Match","Not Match") -> Match | H30: Southern | I30: 3 | J30: PG-CPM | K30: Central | L30: 301 | M30: PG0301 | N30: ABAU | P30: FALSE | Q30: Active | R30: HF | S30: 3 | T30: 15150 | U30: =T30*20% -> 3030 | V30: 47 | W30: 43 | X30: =T30*3% -> 454.5 | Y30: =U30-X30 -> 2575.5
A31: 92 | B31: 30315 | C31: Pau SC | D31: Pau SC | E31: 4337 | F31: =IF(C31=D31,"Match","Not Match") -> Match | G31: =IF(E31=T31,"Match","Not Match") -> Match | H31: Southern | I31: 3 | J31: PG-CPM | K31: Central | L31: 303 | M31: PG0303 | N31: KAIRUKU/HIRI | O31: Seventh-Day Adventist | P31: TRUE | Q31: Active | R31: HF | S31: 3 | T31: 4337 | U31: =T31*20% -> 867.4 | V31: 725 | W31: 669 | X31: =T31*3% -> 130.11 | Y31: =U31-X31 -> 737.29
A32: 91 | B32: 30314 | C32: Porebada SC | D32: Porebada SC | E32: 16945 | F32: =IF(C32=D32,"Match","Not Match") -> Match | G32: =IF(E32=T32,"Match","Not Match") -> Match | H32: Southern | I32: 3 | J32: PG-CPM | K32: Central | L32: 303 | M32: PG0303 | N32: KAIRUKU/HIRI | P32: FALSE | Q32: Active | R32: HF | S32: 3 | T32: 16945 | U32: =T32*20% -> 3389 | V32: 64 | W32: 59 | X32: =T32*3% -> 508.35 | Y32: =U32-X32 -> 2880.65
A33: 85 | B33: 30308 | C33: RMC UC | D33: RMC UC | E33: 18130 | F33: =IF(C33=D33,"Match","Not Match") -> Match | G33: =IF(E33=T33,"Match","Not Match") -> Match | H33: Southern | I33: 3 | J33: PG-CPM | K33: Central | L33: 303 | M33: PG0303 | N33: KAIRUKU/HIRI | P33: FALSE | Q33: Active | R33: HF | S33: 3 | T33: 18130 | U33: =T33*20% -> 3626 | V33: 145 | W33: 121 | X33: =T33*3% -> 543.9 | Y33: =U33-X33 -> 3082.1
A34: 86 | B34: 30309 | C34: Sogeri SC | D34: Sogeri SC | E34: 10882 | F34: =IF(C34=D34,"Match","Not Match") -> Match | G34: =IF(E34=T34,"Match","Not Match") -> Match | H34: Southern | I34: 3 | J34: PG-CPM | K34: Central | L34: 303 | M34: PG0303 | N34: KAIRUKU/HIRI | P34: FALSE | Q34: Active | R34: HF | S34: 3 | T34: 10882 | U34: =T34*20% -> 2176.4 | X34: =T34*3% -> 326.46 | Y34: =U34-X34 -> 1849.94
A35: 73 | B35: 30204 | C35: Tapini HC | D35: Tapini HC | E35: 18149 | F35: =IF(C35=D35,"Match","Not Match") -> Match | G35: =IF(E35=T35,"Match","Not Match") -> Match | H35: Southern | I35: 3 | J35: PG-CPM | K35: Central | L35: 302 | M35: PG0302 | N35: GOILALA | O35: Catholic | P35: TRUE | Q35: Active | R35: HF | S35: 3 | T35: 18149 | U35: =T35*20% -> 3629.8 | X35: =T35*3% -> 544.47 | Y35: =U35-X35 -> 3085.33
A36: 76 | B36: 30207 | C36: Tororo SC | D36: Tororo SC | E36: 3895 | F36: =IF(C36=D36,"Match","Not Match") -> Match | G36: =IF(E36=T36,"Match","Not Match") -> Match | H36: Southern | I36: 3 | J36: PG-CPM | K36: Central | L36: 302 | M36: PG0302 | N36: GOILALA | O36: Seventh-Day Adventist | P36: TRUE | Q36: Active | R36: HF | S36: 3 | T36: 3895 | U36: =T36*20% -> 779 | V36: 67 | W36: 62 | X36: =T36*3% -> 116.85 | Y36: =U36-X36 -> 662.15
A37: 95 | B37: 30318 | C37: Tubusereia SC | D37: Tubusereia SC | E37: 7031 | F37: =IF(C37=D37,"Match","Not Match") -> Match | G37: =IF(E37=T37,"Match","Not Match") -> Match | H37: Southern | I37: 3 | J37: PG-CPM | K37: Central | L37: 303 | M37: PG0303 | N37: KAIRUKU/HIRI | P37: FALSE | Q37: Active | R37: HF | S37: 3 | T37: 7031 | U37: =T37*20% -> 1406.2 | V37: 442 | W37: 411 | X37: =T37*3% -> 210.93 | Y37: =U37-X37 -> 1195.27
A38: 69 | B38: 30105 | C38: Upulima SC | D38: Upulima SC | E38: 3311 | F38: =IF(C38=D38,"Match","Not Match") -> Match | G38: =IF(E38=T38,"Match","Not Match") -> Match | H38: Southern | I38: 3 | J38: PG-CPM | K38: Central | L38: 301 | M38: PG0301 | N38: ABAU | P38: FALSE | Q38: Active | R38: HF | S38: 3 | T38: 3311 | U38: =T38*20% -> 662.2 | V38: 541 | W38: 531 | X38: =T38*3% -> 99.33 | Y38: =U38-X38 -> 562.87
A39: 87 | B39: 30310 | C39: Veifa'a HC | D39: Veifa'a HC | E39: 13693 | F39: =IF(C39=D39,"Match","Not Match") -> Match | G39: =IF(E39=T39,"Match","Not Match") -> Match | H39: Southern | I39: 3 | J39: PG-CPM | K39: Central | L39: 303 | M39: PG0303 | N39: KAIRUKU/HIRI | O39: Catholic | P39: TRUE | Q39: Active | R39: HF | S39: 3 | T39: 13693 | U39: =T39*20% -> 2738.6 | V39: 664 | W39: 578 | X39: =T39*3% -> 410.79 | Y39: =U39-X39 -> 2327.81
A40: 88 | B40: 30311 | C40: Waima SC | D40: Waima SC | E40: 3993 | F40: =IF(C40=D40,"Match","Not Match") -> Match | G40: =IF(E40=T40,"Match","Not Match") -> Match | H40: Southern | I40: 3 | J40: PG-CPM | K40: Central | L40: 303 | M40: PG0303 | N40: KAIRUKU/HIRI | O40: Catholic | P40: TRUE | Q40: Active | R40: HF | S40: 3 | T40: 3993 | U40: =T40*20% -> 798.6 | V40: 747 | W40: 683 | X40: =T40*3% -> 119.79 | Y40: =U40-X40 -> 678.81
A41: 74 | B41: 30205 | C41: Woitape HC | D41: Woitape HC | E41: 7005 | F41: =IF(C41=D41,"Match","Not Match") -> Match | G41: =IF(E41=T41,"Match","Not Match") -> Match | H41: Southern | I41: 3 | J41: PG-CPM | K41: Central | L41: 302 | M41: PG0302 | N41: GOILALA | P41: FALSE | Q41: Active | R41: HF | S41: 3 | T41: 7005 | U41: =T41*20% -> 1401 | V41: 98 | W41: 89 | X41: =T41*3% -> 210.15 | Y41: =U41-X41 -> 1190.85
A42: 75 | B42: 30206 | C42: Yongai SC | D42: Yongai SC | E42: 5703 | F42: =IF(C42=D42,"Match","Not Match") -> Match | G42: =IF(E42=T42,"Match","Not Match") -> Match | H42: Southern | I42: 3 | J42: PG-CPM | K42: Central | L42: 302 | M42: PG0302 | N42: GOILALA | O42: Catholic | P42: TRUE | Q42: Active | R42: HF | S42: 3 | T42: 5703 | U42: =T42*20% -> 1140.6 | X42: =T42*3% -> 171.09 | Y42: =U42-X42 -> 969.51
A43: 77 | B43: 30208 | C43: Yulai SC | D43: Yulai SC | E43: 0 | F43: =IF(C43=D43,"Match","Not Match") -> Match | G43: =IF(E43=T43,"Match","Not Match") -> Match | H43: Southern | I43: 3 | J43: PG-CPM | K43: Central | L43: 302 | M43: PG0302 | N43: GOILALA | P43: FALSE | Q43: Inactive | R43: HF | S43: 3 | U43: =T43*20% -> 0 | V43: 179 | W43: 173 | X43: =T43*3% -> 0 | Y43: =U43-X43 -> 0
A44: 89 | B44: 30312 | C44: Yule Island SC | D44: Yule Island SC | E44: 4581 | F44: =IF(C44=D44,"Match","Not Match") -> Match | G44: =IF(E44=T44,"Match","Not Match") -> Match | H44: Southern | I44: 3 | J44: PG-CPM | K44: Central | L44: 303 | M44: PG0303 | N44: KAIRUKU/HIRI | O44: Catholic | P44: TRUE | Q44: Active | R44: HF | S44: 3 | T44: 4581 | U44: =T44*20% -> 916.2 | V44: 1279 | W44: 1230 | X44: =T44*3% -> 137.43 | Y44: =U44-X44 -> 778.77
A45: 503 | B45: 140306 | C45: Albinama SC | D45: Albinama SC | E45: 5471 | F45: =IF(C45=D45,"Match","Not Match") -> Match | G45: =IF(E45=T45,"Match","Not Match") -> Match | H45: Momase | I45: 14 | J45: PG-ESW | K45: East Sepik | L45: 1403 | M45: PG1403 | N45: MAPRIK | O45: South Sea Evangelical Church (SSEC) | P45: TRUE | Q45: Active | R45: HF | S45: 14 | T45: 5471 | U45: =T45*20% -> 1094.2 | V45: 198 | W45: 159 | X45: =T45*3% -> 164.13 | Y45: =U45-X45 -> 930.07
A46: 489 | B46: 140201 | C46: Amboin SC | D46: Amboin SC | E46: 11963 | F46: =IF(C46=D46,"Match","Not Match") -> Match | G46: =IF(E46=T46,"Match","Not Match") -> Match | H46: Momase | I46: 14 | J46: PG-ESW | K46: East Sepik | L46: 1402 | M46: PG1402 | N46: ANGORAM | P46: FALSE | Q46: Active | R46: HF | S46: 14 | T46: 11963 | U46: =T46*20% -> 2392.6 | V46: 432 | W46: 347 | X46: =T46*3% -> 358.89 | Y46: =U46-X46 -> 2033.71
A47: 480 | B47: 140101 | C47: Ambunti HC | D47: Ambunti HC | E47: 18075 | F47: =IF(C47=D47,"Match","Not Match") -> Match | G47: =IF(E47=T47,"Match","Not Match") -> Match | H47: Momase | I47: 14 | J47: PG-ESW | K47: East Sepik | L47: 1401 | M47: PG1401 | N47: AMBUNTI/DREKIKIR | P47: FALSE | Q47: Active | R47: HF | S47: 14 | T47: 18075 | U47: =T47*20% -> 3615 | V47: 653 | W47: 524 | X47: =T47*3% -> 542.25 | Y47: =U47-X47 -> 3072.75
A48: 490 | B48: 140202 | C48: Angoram HC | D48: Angoram HC | E48: 33218 | F48: =IF(C48=D48,"Match","Not Match") -> Match | G48: =IF(E48=T48,"Match","Not Match") -> Match | H48: Momase | I48: 14 | J48: PG-ESW | K48: East Sepik | L48: 1402 | M48: PG1402 | N48: ANGORAM | P48: FALSE | Q48: Active | R48: HF | S48: 14 | T48: 33218 | U48: =T48*20% -> 6643.6 | V48: 1200 | W48: 963 | X48: =T48*3% -> 996.54 | Y48: =U48-X48 -> 5647.06
A49: 486 | B49: 140108 | C49: April River SC | D49: April River SC | E49: 2719 | F49: =IF(C49=D49,"Match","Not Match") -> Match | G49: =IF(E49=T49,"Match","Not Match") -> Match | H49: Momase | I49: 14 | J49: PG-ESW | K49: East Sepik | L49: 1401 | M49: PG1401 | N49: AMBUNTI/DREKIKIR | O49: South Sea Evangelical Church (SSEC) | P49: TRUE | Q49: Active | R49: HF | S49: 14 | T49: 2719 | U49: =T49*20% -> 543.8 | V49: 98 | W49: 79 | X49: =T49*3% -> 81.57 | Y49: =U49-X49 -> 462.23
A50: 11348 | B50: 140411 | C50: Balam CHP | D50: Balam CHP | E50: 15941 | F50: =IF(C50=D50,"Match","Not Match") -> Match | G50: =IF(E50=T50,"Match","Not Match") -> Match | H50: Momase | I50: 14 | J50: PG-ESW | K50: East Sepik | L50: 1404 | M50: PG1404 | N50: WEWAK | P50: FALSE | Q50: Active | R50: HF | S50: 14 | T50: 15941 | U50: =T50*20% -> 3188.2 | V50: 576 | W50: 462 | X50: =T50*3% -> 478.23 | Y50: =U50-X50 -> 2709.97
A51: 826 | B51: 140111 | C51: Bana SC | D51: Bana SC | E51: 8862 | F51: =IF(C51=D51,"Match","Not Match") -> Match | G51: =IF(E51=T51,"Match","Not Match") -> Match | H51: Momase | I51: 14 | J51: PG-ESW | K51: East Sepik | L51: 1401 | M51: PG1401 | N51: AMBUNTI/DREKIKIR | O51: Nazarene | P51: TRUE | Q51: Active | R51: HF | S51: 14 | T51: 8862 | U51: =T51*20% -> 1772.4 | V51: 320 | W51: 257 | X51: =T51*3% -> 265.86 | Y51: =U51-X51 -> 1506.54
A52: 491 | B52: 140203 | C52: Biwat SC | D52: Biwat SC | E52: 15283 | F52: =IF(C52=D52,"Match","Not Match") -> Match | G52: =IF(E52=T52,"Match","Not Match") -> Match | H52: Momase | I52: 14 | J52: PG-ESW | K52: East Sepik | L52: 1402 | M52: PG1402 | N52: ANGORAM | O52: Catholic | P52: TRUE | Q52: Active | R52: HF | S52: 14 | T52: 15283 | U52: =T52*20% -> 3056.6 | V52: 552 | W52: 443 | X52: =T52*3% -> 458.49 | Y52: =U52-X52 -> 2598.11
A53: 862 | B53: 140112 | C53: Bongos SC | D53: Bongos SC | E53: 0 | F53: =IF(C53=D53,"Match","Not Match") -> Match | G53: =IF(E53=T53,"Match","Not Match") -> Match | H53: Momase | I53: 14 | J53: PG-ESW | K53: East Sepik | L53: 1401 | M53: PG1401 | N53: AMBUNTI/DREKIKIR | O53: Baptist | P53: TRUE | Q53: Inactive | R53: HF | S53: 14 | T53: 0 | U53: =T53*20% -> 0 | V53: 0 | W53: 0 | X53: =T53*3% -> 0 | Y53: =U53-X53 -> 0
A54: 506 | B54: 140401 | C54: Boram HO | D54: Boram HO | E54: 26389 | F54: =IF(C54=D54,"Match","Not Match") -> Match | G54: =IF(E54=T54,"Match","Not Match") -> Match | H54: Momase | I54: 14 | J54: PG-ESW | K54: East Sepik | L54: 1404 | M54: PG1404 | N54: WEWAK | P54: FALSE | Q54: Active | R54: HO | S54: 14 | T54: 26389 | U54: =T54*20% -> 5277.8 | V54: 953 | W54: 765 | X54: =T54*3% -> 791.67 | Y54: =U54-X54 -> 4486.13
A55: 11347 | B55: 140310 | C55: Brigiti CHP | D55: Brigiti CHP | E55: 31884 | F55: =IF(C55=D55,"Match","Not Match") -> Match | G55: =IF(E55=T55,"Match","Not Match") -> Match | H55: Momase | I55: 14 | J55: PG-ESW | K55: East Sepik | L55: 1403 | M55: PG1403 | N55: MAPRIK | P55: FALSE | Q55: Active | R55: HF | S55: 14 | T55: 31884 | U55: =T55*20% -> 6376.8 | V55: 1151 | W55: 925 | X55: =T55*3% -> 956.52 | Y55: =U55-X55 -> 5420.28
A56: 499 | B56: 140301 | C56: Brugam SC | D56: Brugam SC | E56: 13773 | F56: =IF(C56=D56,"Match","Not Match") -> Match | G56: =IF(E56=T56,"Match","Not Match") -> Match | H56: Momase | I56: 14 | J56: PG-ESW | K56: East Sepik | L56: 1403 | M56: PG1403 | N56: MAPRIK | O56: South Sea Evangelical Church (SSEC) | P56: TRUE | Q56: Active | R56: HF | S56: 14 | T56: 13773 | U56: =T56*20% -> 2754.6 | V56: 497 | W56: 399 | X56: =T56*3% -> 413.19 | Y56: =U56-X56 -> 2341.41
A57: 492 | B57: 140204 | C57: Bunam HC | D57: Bunam HC | E57: 6479 | F57: =IF(C57=D57,"Match","Not Match") -> Match | G57: =IF(E57=T57,"Match","Not Match") -> Match | H57: Momase | I57: 14 | J57: PG-ESW | K57: East Sepik | L57: 1402 | M57: PG1402 | N57: ANGORAM | P57: FALSE | Q57: Active | R57: HF | S57: 14 | T57: 6479 | U57: =T57*20% -> 1295.8 | V57: 234 | W57: 188 | X57: =T57*3% -> 194.37 | Y57: =U57-X57 -> 1101.43
A58: 507 | B58: 140402 | C58: Dagua HC | D58: Dagua HC | E58: 20572 | F58: =IF(C58=D58,"Match","Not Match") -> Match | G58: =IF(E58=T58,"Match","Not Match") -> Match | H58: Momase | I58: 14 | J58: PG-ESW | K58: East Sepik | L58: 1404 | M58: PG1404 | N58: WEWAK | O58: Catholic | P58: TRUE | Q58: Active | R58: HF | S58: 14 | T58: 20572 | U58: =T58*20% -> 4114.4 | V58: 743 | W58: 597 | X58: =T58*3% -> 617.16 | Y58: =U58-X58 -> 3497.24
A59: 481 | B59: 140102 | C59: Dreikikir HC | D59: Dreikikir HC | E59: 31686 | F59: =IF(C59=D59,"Match","Not Match") -> Match | G59: =IF(E59=T59,"Match","Not Match") -> Match | H59: Momase | I59: 14 | J59: PG-ESW | K59: East Sepik | L59: 1401 | M59: PG1401 | N59: AMBUNTI/DREKIKIR | P59: FALSE | Q59: Active | R59: HF | S59: 14 | T59: 31686 | U59: =T59*20% -> 6337.2 | V59: 1144 | W59: 919 | X59: =T59*3% -> 950.58 | Y59: =U59-X59 -> 5386.62
A60: 515 | B60: 140501 | C60: Gawi HC | D60: Gawi HC | E60: 15405 | F60: =IF(C60=D60,"Match","Not Match") -> Match | G60: =IF(E60=T60,"Match","Not Match") -> Match | H60: Momase | I60: 14 | J60: PG-ESW | K60: East Sepik | L60: 1405 | M60: PG1405 | N60: WOSERA GAWI | P60: FALSE | Q60: Active | R60: HF | S60: 14 | T60: 15405 | U60: =T60*20% -> 3081 | V60: 556 | W60: 447 | X60: =T60*3% -> 462.15 | Y60: =U60-X60 -> 2618.85
A61: 488 | B61: 140110 | C61: Hauna SC | D61: Hauna SC | E61: 4415 | F61: =IF(C61=D61,"Match","Not Match") -> Match | G61: =IF(E61=T61,"Match","Not Match") -> Match | H61: Momase | I61: 14 | J61: PG-ESW | K61: East Sepik | L61: 1401 | M61: PG1401 | N61: AMBUNTI/DREKIKIR | O61: Sepik Christian Mission (SCM) | P61: TRUE | Q61: Active | R61: HF | S61: 14 | T61: 4415 | U61: =T61*20% -> 883 | V61: 159 | W61: 128 | X61: =T61*3% -> 132.45 | Y61: =U61-X61 -> 750.55
A62: 500 | B62: 140302 | C62: Ilahita SC | D62: Ilahita SC | E62: 10986 | F62: =IF(C62=D62,"Match","Not Match") -> Match | G62: =IF(E62=T62,"Match","Not Match") -> Match | H62: Momase | I62: 14 | J62: PG-ESW | K62: East Sepik | L62: 1403 | M62: PG1403 | N62: MAPRIK | O62: South Sea Evangelical Church (SSEC) | P62: TRUE | Q62: Active | R62: HF | S62: 14 | T62: 10986 | U62: =T62*20% -> 2197.2 | V62: 397 | W62: 319 | X62: =T62*3% -> 329.58 | Y62: =U62-X62 -> 1867.62
A63: 493 | B63: 140205 | C63: Jangit SC | D63: Jangit SC | E63: 7678 | F63: =IF(C63=D63,"Match","Not Match") -> Match | G63: =IF(E63=T63,"Match","Not Match") -> Match | H63: Momase | I63: 14 | J63: PG-ESW | K63: East Sepik | L63: 1402 | M63: PG1402 | N63: ANGORAM | P63: FALSE | Q63: Active | R63: HF | S63: 14 | T63: 7678 | U63: =T63*20% -> 1535.6 | V63: 277 | W63: 223 | X63: =T63*3% -> 230.34 | Y63: =U63-X63 -> 1305.26
A64: 508 | B64: 140403 | C64: Kairiru SC | D64: Kairiru SC | E64: 10042 | F64: =IF(C64=D64,"Match","Not Match") -> Match | G64: =IF(E64=T64,"Match","Not Match") -> Match | H64: Momase | I64: 14 | J64: PG-ESW | K64: East Sepik | L64: 1404 | M64: PG1404 | N64: WEWAK | O64: Catholic | P64: TRUE | Q64: Active | R64: HF | S64: 14 | T64: 10042 | U64: =T64*20% -> 2008.4 | V64: 363 | W64: 291 | X64: =T64*3% -> 301.26 | Y64: =U64-X64 -> 1707.14
A65: 497 | B65: 140209 | C65: Kambot SC | D65: Kambot SC | E65: 13209 | F65: =IF(C65=D65,"Match","Not Match") -> Match | G65: =IF(E65=T65,"Match","Not Match") -> Match | H65: Momase | I65: 14 | J65: PG-ESW | K65: East Sepik | L65: 1402 | M65: PG1402 | N65: ANGORAM | O65: Catholic | P65: TRUE | Q65: Active | R65: HF | S65: 14 | T65: 13209 | U65: =T65*20% -> 2641.8 | V65: 477 | W65: 383 | X65: =T65*3% -> 396.27 | Y65: =U65-X65 -> 2245.53
A66: 498 | B66: 140210 | C66: Kambuku SC | D66: Kambuku SC | E66: 6820 | F66: =IF(C66=D66,"Match","Not Match") -> Match | G66: =IF(E66=T66,"Match","Not Match") -> Match | H66: Momase | I66: 14 | J66: PG-ESW | K66: East Sepik | L66: 1402 | M66: PG1402 | N66: ANGORAM | O66: Lutheran | P66: TRUE | Q66: Active | R66: HF | S66: 14 | T66: 6820 | U66: =T66*20% -> 1364 | V66: 246 | W66: 198 | X66: =T66*3% -> 204.6 | Y66: =U66-X66 -> 1159.4
A67: 494 | B67: 140206 | C67: Kaningara SC | D67: Kaningara SC | E67: 8559 | F67: =IF(C67=D67,"Match","Not Match") -> Match | G67: =IF(E67=T67,"Match","Not Match") -> Match | H67: Momase | I67: 14 | J67: PG-ESW | K67: East Sepik | L67: 1402 | M67: PG1402 | N67: ANGORAM | O67: Catholic | P67: TRUE | Q67: Active | R67: HF | S67: 14 | T67: 8559 | U67: =T67*20% -> 1711.8 | V67: 309 | W67: 248 | X67: =T67*3% -> 256.77 | Y67: =U67-X67 -> 1455.03
A68: 516 | B68: 140502 | C68: Kaugia SC | D68: Kaugia SC | E68: 13775 | F68: =IF(C68=D68,"Match","Not Match") -> Match | G68: =IF(E68=T68,"Match","Not Match") -> Match | H68: Momase | I68: 14 | J68: PG-ESW | K68: East Sepik | L68: 1405 | M68: PG1405 | N68: WOSERA GAWI | O68: Catholic | P68: TRUE | Q68: Active | R68: HF | S68: 14 | T68: 13775 | U68: =T68*20% -> 2755 | V68: 497 | W68: 399 | X68: =T68*3% -> 413.25 | Y68: =U68-X68 -> 2341.75
A69: 512 | B69: 140407 | C69: Koil SC | D69: Koil SC | E69: 7356 | F69: =IF(C69=D69,"Match","Not Match") -> Match | G69: =IF(E69=T69,"Match","Not Match") -> Match | H69: Momase | I69: 14 | J69: PG-ESW | K69: East Sepik | L69: 1404 | M69: PG1404 | N69: WEWAK | O69: Seventh-Day Adventist | P69: TRUE | Q69: Active | R69: HF | S69: 14 | T69: 7356 | U69: =T69*20% -> 1471.2 | V69: 266 | W69: 213 | X69: =T69*3% -> 220.68 | Y69: =U69-X69 -> 1250.52
A70: 505 | B70: 140308 | C70: Kombikum HC | D70: Kombikum HC | E70: 16433 | F70: =IF(C70=D70,"Match","Not Match") -> Match | G70: =IF(E70=T70,"Match","Not Match") -> Match | H70: Momase | I70: 14 | J70: PG-ESW | K70: East Sepik | L70: 1403 | M70: PG1403 | N70: MAPRIK | P70: FALSE | Q70: Active | R70: HF | S70: 14 | T70: 16433 | U70: =T70*20% -> 3286.6 | V70: 593 | W70: 477 | X70: =T70*3% -> 492.99 | Y70: =U70-X70 -> 2793.61
A71: 861 | B71: 140410 | C71: Kreer Heights UC | D71: Kreer Heights UC | E71: 20128 | F71: =IF(C71=D71,"Match","Not Match") -> Match | G71: =IF(E71=T71,"Match","Not Match") -> Match | H71: Momase | I71: 14 | J71: PG-ESW | K71: East Sepik | L71: 1404 | M71: PG1404 | N71: WEWAK | P71: FALSE | Q71: Active | R71: HF | S71: 14 | T71: 20128 | U71: =T71*20% -> 4025.6 | V71: 727 | W71: 584 | X71: =T71*3% -> 603.84 | Y71: =U71-X71 -> 3421.76
A72: 521 | B72: 140601 | C72: Kubalia SC | D72: Kubalia SC | E72: 13237 | F72: =IF(C72=D72,"Match","Not Match") -> Match | G72: =IF(E72=T72,"Match","Not Match") -> Match | H72: Momase | I72: 14 | J72: PG-ESW | K72: East Sepik | L72: 1406 | M72: PG1406 | N72: YANGORU SAUSSIA | P72: FALSE | Q72: Active | R72: HF | S72: 14 | T72: 13237 | U72: =T72*20% -> 2647.4 | V72: 478 | W72: 384 | X72: =T72*3% -> 397.11 | Y72: =U72-X72 -> 2250.29
A73: 517 | B73: 140503 | C73: Kunjingini SC | D73: Kunjingini SC | E73: 28648 | F73: =IF(C73=D73,"Match","Not Match") -> Match | G73: =IF(E73=T73,"Match","Not Match") -> Match | H73: Momase | I73: 14 | J73: PG-ESW | K73: East Sepik | L73: 1405 | M73: PG1405 | N73: WOSERA GAWI | O73: Catholic | P73: TRUE | Q73: Active | R73: HF | S73: 14 | T73: 28648 | U73: =T73*20% -> 5729.6 | V73: 1034 | W73: 831 | X73: =T73*3% -> 859.44 | Y73: =U73-X73 -> 4870.16
A74: 482 | B74: 140104 | C74: Maposi SC | D74: Maposi SC | E74: 6960 | F74: =IF(C74=D74,"Match","Not Match") -> Match | G74: =IF(E74=T74,"Match","Not Match") -> Match | H74: Momase | I74: 14 | J74: PG-ESW | K74: East Sepik | L74: 1401 | M74: PG1401 | N74: AMBUNTI/DREKIKIR | O74: Evangelical Church of Manus (ECOM) | P74: TRUE | Q74: Active | R74: HF | S74: 14 | T74: 6960 | U74: =T74*20% -> 1392 | V74: 251 | W74: 202 | X74: =T74*3% -> 208.8 | Y74: =U74-X74 -> 1183.2
A75: 501 | B75: 140303 | C75: Maprik DH | D75: Maprik DH | E75: 29538 | F75: =IF(C75=D75,"Match","Not Match") -> Match | G75: =IF(E75=T75,"Match","Not Match") -> Match | H75: Momase | I75: 14 | J75: PG-ESW | K75: East Sepik | L75: 1403 | M75: PG1403 | N75: MAPRIK | P75: FALSE | Q75: Active | R75: HO | S75: 14 | T75: 29538 | U75: =T75*20% -> 5907.6 | V75: 1067 | W75: 857 | X75: =T75*3% -> 886.14 | Y75: =U75-X75 -> 5021.46
A76: 495 | B76: 140207 | C76: Marienburg SC | D76: Marienburg SC | E76: 24769 | F76: =IF(C76=D76,"Match","Not Match") -> Match | G76: =IF(E76=T76,"Match","Not Match") -> Match | H76: Momase | I76: 14 | J76: PG-ESW | K76: East Sepik | L76: 1402 | M76: PG1402 | N76: ANGORAM | O76: Catholic | P76: TRUE | Q76: Active | R76: HF | S76: 14 | T76: 24769 | U76: =T76*20% -> 4953.8 | V76: 894 | W76: 718 | X76: =T76*3% -> 743.07 | Y76: =U76-X76 -> 4210.73
A77: 483 | B77: 140105 | C77: May River SC | D77: May River SC | E77: 8513 | F77: =IF(C77=D77,"Match","Not Match") -> Match | G77: =IF(E77=T77,"Match","Not Match") -> Match | H77: Momase | I77: 14 | J77: PG-ESW | K77: East Sepik | L77: 1401 | M77: PG1401 | N77: AMBUNTI/DREKIKIR | O77: Seventh-Day Adventist | P77: TRUE | Q77: Active | R77: HF | S77: 14 | T77: 8513 | U77: =T77*20% -> 1702.6 | V77: 307 | W77: 247 | X77: =T77*3% -> 255.39 | Y77: =U77-X77 -> 1447.21
A78: 484 | B78: 140106 | C78: Mersey SC | D78: Mersey SC | E78: 3981 | F78: =IF(C78=D78,"Match","Not Match") -> Match | G78: =IF(E78=T78,"Match","Not Match") -> Match | H78: Momase | I78: 14 | J78: PG-ESW | K78: East Sepik | L78: 1401 | M78: PG1401 | N78: AMBUNTI/DREKIKIR | O78: Catholic | P78: TRUE | Q78: Active | R78: HF | S78: 14 | T78: 3981 | U78: =T78*20% -> 796.2 | V78: 144 | W78: 115 | X78: =T78*3% -> 119.43 | Y78: =U78-X78 -> 676.77
A79: 513 | B79: 140408 | C79: Moem UC | D79: Moem UC | E79: 8579 | F79: =IF(C79=D79,"Match","Not Match") -> Match | G79: =IF(E79=T79,"Match","Not Match") -> Match | H79: Momase | I79: 14 | J79: PG-ESW | K79: East Sepik | L79: 1404 | M79: PG1404 | N79: WEWAK | P79: FALSE | Q79: Active | R79: HF | S79: 14 | T79: 8579 | U79: =T79*20% -> 1715.8 | V79: 310 | W79: 249 | X79: =T79*3% -> 257.37 | Y79: =U79-X79 -> 1458.43
A80: 524 | B80: 140604 | C80: Naksimigel SC | D80: Naksimigel SC | E80: 30726 | F80: =IF(C80=D80,"Match","Not Match") -> Match | G80: =IF(E80=T80,"Match","Not Match") -> Match | H80: Momase | I80: 14 | J80: PG-ESW | K80: East Sepik | L80: 1406 | M80: PG1406 | N80: YANGORU SAUSSIA | O80: Seventh-Day Adventist | P80: TRUE | Q80: Active | R80: HF | S80: 14 | T80: 30726 | U80: =T80*20% -> 6145.2 | V80: 1110 | W80: 891 | X80: =T80*3% -> 921.78 | Y80: =U80-X80 -> 5223.42
A81: 875 | B81: 140309 | C81: Naramko CHP | D81: Naramko CHP | E81: 15606 | F81: =IF(C81=D81,"Match","Not Match") -> Match | G81: =IF(E81=T81,"Match","Not Match") -> Match | H81: Momase | I81: 14 | J81: PG-ESW | K81: East Sepik | L81: 1403 | M81: PG1403 | N81: MAPRIK | P81: FALSE | Q81: Active | R81: HF | S81: 14 | T81: 15606 | U81: =T81*20% -> 3121.2 | V81: 564 | W81: 453 | X81: =T81*3% -> 468.18 | Y81: =U81-X81 -> 2653.02
A82: 518 | B82: 140504 | C82: Nungwaia SC | D82: Nungwaia SC | E82: 7584 | F82: =IF(C82=D82,"Match","Not Match") -> Match | G82: =IF(E82=T82,"Match","Not Match") -> Match | H82: Momase | I82: 14 | J82: PG-ESW | K82: East Sepik | L82: 1405 | M82: PG1405 | N82: WOSERA GAWI | O82: South Sea Evangelical Church (SSEC) | P82: TRUE | Q82: Active | R82: HF | S82: 14 | T82: 7584 | U82: =T82*20% -> 1516.8 | V82: 274 | W82: 220 | X82: =T82*3% -> 227.52 | Y82: =U82-X82 -> 1289.28
A83: 504 | B83: 140307 | C83: Roma SC | D83: Roma SC | E83: 22021 | F83: =IF(C83=D83,"Match","Not Match") -> Match | G83: =IF(E83=T83,"Match","Not Match") -> Match | H83: Momase | I83: 14 | J83: PG-ESW | K83: East Sepik | L83: 1403 | M83: PG1403 | N83: MAPRIK | P83: FALSE | Q83: Active | R83: HF | S83: 14 | T83: 22021 | U83: =T83*20% -> 4404.2 | V83: 795 | W83: 639 | X83: =T83*3% -> 660.63 | Y83: =U83-X83 -> 3743.57
A84: 522 | B84: 140602 | C84: Sassoya SC | D84: Sassoya SC | E84: 15081 | F84: =IF(C84=D84,"Match","Not Match") -> Match | G84: =IF(E84=T84,"Match","Not Match") -> Match | H84: Momase | I84: 14 | J84: PG-ESW | K84: East Sepik | L84: 1406 | M84: PG1406 | N84: YANGORU SAUSSIA | O84: Catholic | P84: TRUE | Q84: Active | R84: HF | S84: 14 | T84: 15081 | U84: =T84*20% -> 3016.2 | V84: 545 | W84: 437 | X84: =T84*3% -> 452.43 | Y84: =U84-X84 -> 2563.77
A85: 487 | B85: 140109 | C85: SDA MCH UC | D85: SDA MCH UC | E85: 14110 | F85: =IF(C85=D85,"Match","Not Match") -> Match | G85: =IF(E85=T85,"Match","Not Match") -> Match | H85: Momase | I85: 14 | J85: PG-ESW | K85: East Sepik | L85: 1401 | M85: PG1401 | N85: AMBUNTI/DREKIKIR | O85: Seventh-Day Adventist | P85: TRUE | Q85: Active | R85: HF | S85: 14 | T85: 14110 | U85: =T85*20% -> 2822 | V85: 510 | W85: 409 | X85: =T85*3% -> 423.3 | Y85: =U85-X85 -> 2398.7
A86: 11363 | B86: 140412 | C86: Taul CHP | D86: Taul CHP | E86: 13355 | F86: =IF(C86=D86,"Match","Not Match") -> Match | G86: =IF(E86=T86,"Match","Not Match") -> Match | H86: Momase | I86: 14 | J86: PG-ESW | K86: East Sepik | L86: 1404 | M86: PG1404 | N86: WEWAK | P86: FALSE | Q86: Active | R86: HF | S86: 14 | T86: 13355 | U86: =T86*20% -> 2671 | V86: 482 | W86: 387 | X86: =T86*3% -> 400.65 | Y86: =U86-X86 -> 2270.35
A87: 496 | B87: 140208 | C87: Timbunke HC | D87: Timbunke HC | E87: 34570 | F87: =IF(C87=D87,"Match","Not Match") -> Match | G87: =IF(E87=T87,"Match","Not Match") -> Match | H87: Momase | I87: 14 | J87: PG-ESW | K87: East Sepik | L87: 1402 | M87: PG1402 | N87: ANGORAM | O87: Catholic | P87: TRUE | Q87: Active | R87: HF | S87: 14 | T87: 34570 | U87: =T87*20% -> 6914 | V87: 1248 | W87: 1003 | X87: =T87*3% -> 1037.1 | Y87: =U87-X87 -> 5876.9
A88: 519 | B88: 140505 | C88: Torembi SC | D88: Torembi SC | E88: 15627 | F88: =IF(C88=D88,"Match","Not Match") -> Match | G88: =IF(E88=T88,"Match","Not Match") -> Match | H88: Momase | I88: 14 | J88: PG-ESW | K88: East Sepik | L88: 1405 | M88: PG1405 | N88: WOSERA GAWI | O88: Catholic | P88: TRUE | Q88: Active | R88: HF | S88: 14 | T88: 15627 | U88: =T88*20% -> 3125.4 | V88: 564 | W88: 453 | X88: =T88*3% -> 468.81 | Y88: =U88-X88 -> 2656.59
A89: 514 | B89: 140409 | C89: Tumarau SC | D89: Tumarau SC | E89: 9531 | F89: =IF(C89=D89,"Match","Not Match") -> Match | G89: =IF(E89=T89,"Match","Not Match") -> Match | H89: Momase | I89: 14 | J89: PG-ESW | K89: East Sepik | L89: 1404 | M89: PG1404 | N89: WEWAK | P89: FALSE | Q89: Active | R89: HF | S89: 14 | T89: 9531 | U89: =T89*20% -> 1906.2 | V89: 344 | W89: 276 | X89: =T89*3% -> 285.93 | Y89: =U89-X89 -> 1620.27
A90: 502 | B90: 140305 | C90: Ulupu SC | D90: Ulupu SC | E90: 21423 | F90: =IF(C90=D90,"Match","Not Match") -> Match | G90: =IF(E90=T90,"Match","Not Match") -> Match | H90: Momase | I90: 14 | J90: PG-ESW | K90: East Sepik | L90: 1403 | M90: PG1403 | N90: MAPRIK | O90: Catholic | P90: TRUE | Q90: Active | R90: HF | S90: 14 | T90: 21423 | U90: =T90*20% -> 4284.6 | V90: 774 | W90: 621 | X90: =T90*3% -> 642.69 | Y90: =U90-X90 -> 3641.91
A91: 511 | B91: 140406 | C91: Wewak MCH UC | D91: Wewak MCH UC | E91: 16019 | F91: =IF(C91=D91,"Match","Not Match") -> Match | G91: =IF(E91=T91,"Match","Not Match") -> Match | H91: Momase | I91: 14 | J91: PG-ESW | K91: East Sepik | L91: 1404 | M91: PG1404 | N91: WEWAK | P91: FALSE | Q91: Active | R91: HF | S91: 14 | T91: 16019 | U91: =T91*20% -> 3203.8 | V91: 578 | W91: 465 | X91: =T91*3% -> 480.57 | Y91: =U91-X91 -> 2723.23
A92: 509 | B92: 140404 | C92: Wewak Town UC | D92: Wewak Town UC | E92: 17881 | F92: =IF(C92=D92,"Match","Not Match") -> Match | G92: =IF(E92=T92,"Match","Not Match") -> Match | H92: Momase | I92: 14 | J92: PG-ESW | K92: East Sepik | L92: 1404 | M92: PG1404 | N92: WEWAK | P92: FALSE | Q92: Active | R92: HF | S92: 14 | T92: 17881 | U92: =T92*20% -> 3576.2 | V92: 646 | W92: 519 | X92: =T92*3% -> 536.43 | Y92: =U92-X92 -> 3039.77
A93: 510 | B93: 140405 | C93: Wirui UC | D93: Wirui UC | E93: 8872 | F93: =IF(C93=D93,"Match","Not Match") -> Match | G93: =IF(E93=T93,"Match","Not Match") -> Match | H93: Momase | I93: 14 | J93: PG-ESW | K93: East Sepik | L93: 1404 | M93: PG1404 | N93: WEWAK | O93: Catholic | P93: TRUE | Q93: Active | R93: HF | S93: 14 | T93: 8872 | U93: =T93*20% -> 1774.4 | V93: 320 | W93: 257 | X93: =T93*3% -> 266.16 | Y93: =U93-X93 -> 1508.24
A94: 520 | B94: 140506 | C94: Wombisa HC | D94: Wombisa HC | E94: 21711 | F94: =IF(C94=D94,"Match","Not Match") -> Match | G94: =IF(E94=T94,"Match","Not Match") -> Match | H94: Momase | I94: 14 | J94: PG-ESW | K94: East Sepik | L94: 1405 | M94: PG1405 | N94: WOSERA GAWI | P94: FALSE | Q94: Active | R94: HF | S94: 14 | T94: 21711 | U94: =T94*20% -> 4342.2 | V94: 784 | W94: 630 | X94: =T94*3% -> 651.33 | Y94: =U94-X94 -> 3690.87
A95: 485 | B95: 140107 | C95: Yagrumbok SC | D95: Yagrumbok SC | E95: 6072 | F95: =IF(C95=D95,"Match","Not Match") -> Match | G95: =IF(E95=T95,"Match","Not Match") -> Match | H95: Momase | I95: 14 | J95: PG-ESW | K95: East Sepik | L95: 1401 | M95: PG1401 | N95: AMBUNTI/DREKIKIR | O95: South Sea Evangelical Church (SSEC) | P95: TRUE | Q95: Active | R95: HF | S95: 14 | T95: 6072 | U95: =T95*20% -> 1214.4 | V95: 219 | W95: 176 | X95: =T95*3% -> 182.16 | Y95: =U95-X95 -> 1032.24
A96: 523 | B96: 140603 | C96: Yangoru HC | D96: Yangoru HC | E96: 38480 | F96: =IF(C96=D96,"Match","Not Match") -> Match | G96: =IF(E96=T96,"Match","Not Match") -> Match | H96: Momase | I96: 14 | J96: PG-ESW | K96: East Sepik | L96: 1406 | M96: PG1406 | N96: YANGORU SAUSSIA | P96: FALSE | Q96: Active | R96: HF | S96: 14 | T96: 38480 | U96: =T96*20% -> 7696 | V96: 1390 | W96: 1116 | X96: =T96*3% -> 1154.4 | Y96: =U96-X96 -> 6541.6
A97: 562 | B97: 160101 | C97: Bundralis HC | D97: Bundralis HC | E97: 5499 | F97: =IF(C97=D97,"Match","Not Match") -> Match | G97: =IF(E97=T97,"Match","Not Match") -> Match | H97: Islands | I97: 16 | J97: PG-MRL | K97: Manus | L97: 1601 | M97: PG1601 | N97: MANUS | O97: Catholic | P97: TRUE | Q97: Active | R97: HF | S97: 16 | T97: 5499 | U97: =T97*20% -> 1099.8 | V97: 123 | W97: 113 | X97: =T97*3% -> 164.97 | Y97: =U97-X97 -> 934.83
A98: 563 | B98: 160102 | C98: Lako HC | D98: Lako HC | E98: 4310 | F98: =IF(C98=D98,"Match","Not Match") -> Match | G98: =IF(E98=T98,"Match","Not Match") -> Match | H98: Islands | I98: 16 | J98: PG-MRL | K98: Manus | L98: 1601 | M98: PG1601 | N98: MANUS | P98: FALSE | Q98: Active | R98: HF | S98: 16 | T98: 4310 | U98: =T98*20% -> 862 | V98: 234 | W98: 214 | X98: =T98*3% -> 129.3 | Y98: =U98-X98 -> 732.7
A99: 564 | B99: 160103 | C99: Lessau HC | D99: Lessau HC | E99: 7829 | F99: =IF(C99=D99,"Match","Not Match") -> Match | G99: =IF(E99=T99,"Match","Not Match") -> Match | H99: Islands | I99: 16 | J99: PG-MRL | K99: Manus | L99: 1601 | M99: PG1601 | N99: MANUS | O99: Evangelical Church of Manus (ECOM) | P99: TRUE | Q99: Active | R99: HF | S99: 16 | T99: 7829 | U99: =T99*20% -> 1565.8 | V99: 624 | W99: 570 | X99: =T99*3% -> 234.87 | Y99: =U99-X99 -> 1330.93
A100: 565 | B100: 160104 | C100: Lombrum HC | D100: Lombrum HC | E100: 4285 | F100: =IF(C100=D100,"Match","Not Match") -> Match | G100: =IF(E100=T100,"Match","Not Match") -> Match | H100: Islands | I100: 16 | J100: PG-MRL | K100: Manus | L100: 1601 | M100: PG1601 | N100: MANUS | P100: FALSE | Q100: Active | R100: HF | S100: 16 | T100: 4285 | U100: =T100*20% -> 857 | V100: 350 | W100: 275 | X100: =T100*3% -> 128.55 | Y100: =U100-X100 -> 728.45
...

Sheet Feedbacks
C1: Feedbacks
A2: No | B2: Dashboard name | C2: Area of focus | D2: Type of action (new item or update existing item) | E2: Description or suggetions | F2: Ona comment | G2: Client review (pending/Completed
A3: 1 | B3: MNTE daily summary report | C3: Vaccination campaign health facility report | D3: new item | E3: Add campaign days/ mop up days in filter | F3: Added to the dashboard | G3: completed
A4: 2 | B4: MNTE daily summary report | C4: Vaccination campaign health facility report | D4: new item | E4: Can we add a table for HFs below district number? Understood graph is not possible for HFs (table with Td1,Td2,Td3- target and number achieved (but there is another report of coverage in the coverage report page)
A5: 3 | B5: MNTE daily summary report | C5: Vaccine coverage report | D5: update existing item | E5: filter- round - will it show all three rounds in filter? | F5: Yes this will show depending on the captured data | G5: completed
A6: 4 | B6: MNTE daily summary report | C6: Td vaccination coverage summary | D6: update existing item | E6: (take out total vaccinated and % vaccinated towards target- We don’t count total mixing all the vaccination) | G6: please update the status
A7: 5 | B7: MNTE daily summary report | C7: Td vaccination coverage summary | D7: new item | E7: add Summary table- no disgrégation by prégnance /non pregnancy (refer to picture summary table)- refer to fig on the right | F7: Added the table for Coverage by Vaccine | G7: completed. Please double check the formula: can you please share the formula used at the backend ( the denominiator must be the targerted number of girls and women (both pregrant and non-pregnant)
A8: 6 | B8: Vaccination coveraage | C8: Td vaccination coverage summary | D8: new item | E8: Add round coverage (per round) – in summary- Calculation of coverage following an SIA . Target s the 15-44 yrs (not disaggregation here)- refer to fig on the right | F8: Added the table for Coverage by Round | G8: competed
A9: 7 | B9: Vaccination coveraage | C9: Coverage at provincal level | D9: update existing item | E9: Overall, does not mean – aggregation of all. It should be Td1, Td2, Td3 – replace the graph the same as pregnant , non-pregnant. there should be data label below the graph; | F9: Fixed | G9: completed
A10: 8 | B10: Vaccination coveraage | C10: Coverage at district level | D10: update existing item | E10: same as above | F10: Fixed | G10: completed
A11: 9 | B11: Vaccination coveraage | C11: coverage at health facility level | D11: update existing item | E11: please replace coverage - Td1, Td2, Td3 covearage | F11: Added the Td1, Td2, and Td3 as coverage | G11: completed
A12: 10 | B12: Vaccination coveraage | C12: coverage at provincal level, district level , hf level | D12: update existing item | E12: please check the barchart label- it is showing 482%(refer to figure on the right) | F12: This is dummy data, so expected | G12: noted
A13: 11 | B13: Vaccination coveraage | C13: coverage at national level | D13: update existing item | E13: add the breakdown of coverage by Pregannat and non-pregant (like in Province and district) - no need of graph or chart as it is % national levle | F13: Not sure if this is needed, each geographical level has a chart for the same | G13: thanks we need to see at the national level as well. kindly add for national level
A14: 12 | B14: MNTE daily summary report | C14: Vaccination campaign Health Facility Daily Summary Report | D14: update existing item | E14: add the filter for mopping up as the data collection tool has two categories - campaign days and mopup dayus | F14: This filter already exists | G14: agree. completed
A15: 13 | B15: MNTE daily summary report | C15: Mopping up vaccination | D15: new item | E15: mop-up coverage for each round) and by province, district and health facility; total women (with category of pregnant women and non-pregnant) | F15: Replied via email | G15: If there are 2 or more missed women in the RCM response, ( two no response from this question” Did the woman receive a Td vaccine during the SIA?), we will take as required for Mop-up.please find the example below; refer to MR campaign dashbaord too. ( please record by round)
A16: 14 | B16: MNTE daily summary report | C16: Mopping up vacciation HF (raw data) | D16: new item (refer to MR campaign dashboard) | E16: raw data for extraction (similar to MR campaign superset dashboard) | F16: Replied via email | G16: please find the example below; refer to MR campaign dashbaord too.
A17: 15 | B17: MNTE daily summary report | C17: Reach- the bar chart | D17: update existing item | E17: bar chart- pregnant and non-pregnant dsiplay - to simply Embed the proportion % inside the bar chart ( instedad of % at the legend) | F17: Updated. | G17: completed
A18: 16 | B18: =B17 -> MNTE daily summary report | C18: Provincial, disrrict coverage bar chart | D18: update existing item | E18: display all provinces, districts in each province in legend by default- regardless of the data input (zero or none) - differnt display for zero and none data | F18: Replied via email | G18: we agree not to display non-reporting level in the garpah but keep or list all the provinces/distirct in the tablet so that we know which is reporting and which is not reporting
A19: 17 | B19: =B18 -> MNTE daily summary report | C19: all display charts and tables | D19: update existing item | E19: the filter of mop-up days and campaign days are not working for the summary table; if you filter mop-up days the number is the same as the campaign days. please check and update the dashboard data formula in relation to the filter of mop-up days and campaing days | G19: completed
A20: 18 | B20: RCM (List of villages of eligible women who did not receive Td vaccines) | D20: new item | E20: add List of villages of eligible women who did not receive Td vaccines ( from the House to House RCM); the current table is only from the transit point | G20: completred
A21: 19 | B21: summary table of coverage report | C21: data discrepancy | D21: update existing item | E21: Jiwaka provincial target from the provided table (sheet 2 of this excel) is 75671 whereas the dashboard target show 70,841. please check the data query for JIwaka, plesae see the two screenshorts for comparison
A22: 20 | B22: RCM | C22: provinces visited by different organization is blank wehre are there are data in the other forms | D22: update existing item | E22: provinces visited by different organization is blank wehre are there are data in the other forms
B26: Mop-up vaccination summary | C26: If there are 2 or more missed women in the RCM response, ( two no response from this question” Did the woman receive a Td vaccine during the SIA?), we will take as required for Mop-up.

Sheet targets
A1: id | B1: hf_code | C1: hf_name | F1: HF Match | G1: Pop Match | H1: Region | I1: province_code | J1: province_iso_code | K1: province | L1: district_code | M1: district_iso_code | N1: district | O1: churchtype | P1: is_church | Q1: status | R1: hf_type | S1: province_id | T1: total_pop | U1: pop_15_44_yrs | V1: pop_less_then_1_yr | W1: estimated_births | X1: preg_target | Y1: non_preg_target
A2: 78 | B2: 30301 | C2: Agevairu SC | D2: Agevairu SC | E2: 10532 | F2: =IF(C2=D2,"Match","Not Match") -> Match | G2: =IF(E2=T2,"Match","Not Match") -> Match | H2: Southern | I2: 3 | J2: PG-CPM | K2: Central | L2: 303 | M2: PG0303 | N2: KAIRUKU/HIRI | P2: FALSE | Q2: Active | R2: HF | S2: 3 | T2: 10532 | U2: =T2*20% -> 2106.4 | V2: 269 | W2: 207 | X2: =T2*3% -> 315.96 | Y2: =U2-X2 -> 1790.44
A3: 79 | B3: 30302 | C3: Akufa SC | D3: Akufa SC | E3: 6227 | F3: =IF(C3=D3,"Match","Not Match") -> Match | G3: =IF(E3=T3,"Match","Not Match") -> Match | H3: Southern | I3: 3 | J3: PG-CPM | K3: Central | L3: 303 | M3: PG0303 | N3: KAIRUKU/HIRI | O3: Catholic | P3: TRUE | Q3: Active | R3: HF | S3: 3 | T3: 6227 | U3: =T3*20% -> 1245.4 | V3: 169 | W3: 130 | X3: =T3*3% -> 186.81 | Y3: =U3-X3 -> 1058.59
A4: 80 | B4: 30303 | C4: Bakoiudu SC | D4: Bakoiudu SC | E4: 3690 | F4: =IF(C4=D4,"Match","Not Match") -> Match | G4: =IF(E4=T4,"Match","Not Match") -> Match | H4: Southern | I4: 3 | J4: PG-CPM | K4: Central | L4: 303 | M4: PG0303 | N4: KAIRUKU/HIRI | O4: Catholic | P4: TRUE | Q4: Active | R4: HF | S4: 3 | T4: 3690 | U4: =T4*20% -> 738 | V4: 104 | W4: 80 | X4: =T4*3% -> 110.7 | Y4: =U4-X4 -> 627.3
A5: 11392 | B5: 30107 | C5: Bam CHP | D5: Bam CHP | E5: 5038 | F5: =IF(C5=D5,"Match","Not Match") -> Match | G5: =IF(E5=T5,"Match","Not Match") -> Match | H5: Southern | I5: 3 | J5: PG-CPM | K5: Central | L5: 301 | M5: PG0301 | N5: ABAU | P5: FALSE | Q5: Active | R5: HF | S5: 3 | T5: 5038 | U5: =T5*20% -> 1007.6 | V5: 547 | W5: 418 | X5: =T5*3% -> 151.14 | Y5: =U5-X5 -> 856.46
A6: 81 | B6: 30304 | C6: Bereina HC | D6: Bereina HC | E6: 14298 | F6: =IF(C6=D6,"Match","Not Match") -> Match | G6: =IF(E6=T6,"Match","Not Match") -> Match | H6: Southern | I6: 3 | J6: PG-CPM | K6: Central | L6: 303 | M6: PG0303 | N6: KAIRUKU/HIRI | P6: FALSE | Q6: Active | R6: HF | S6: 3 | T6: 14298 | U6: =T6*20% -> 2859.6 | V6: 345 | W6: 312 | X6: =T6*3% -> 428.94 | Y6: =U6-X6 -> 2430.66
A7: 97 | B7: 30401 | C7: Boku SC | D7: Boku SC | E7: 3726 | F7: =IF(C7=D7,"Match","Not Match") -> Match | G7: =IF(E7=T7,"Match","Not Match") -> Match | H7: Southern | I7: 3 | J7: PG-CPM | K7: Central | L7: 304 | M7: PG0304 | N7: RIGO | P7: FALSE | Q7: Active | R7: HF | S7: 3 | T7: 3726 | U7: =T7*20% -> 745.2 | V7: 278 | W7: 252 | X7: =T7*3% -> 111.78 | Y7: =U7-X7 -> 633.42
A8: 102 | B8: 30406 | C8: Boregaina SC | D8: Boregaina SC | E8: 4954 | F8: =IF(C8=D8,"Match","Not Match") -> Match | G8: =IF(E8=T8,"Match","Not Match") -> Match | H8: Southern | I8: 3 | J8: PG-CPM | K8: Central | L8: 304 | M8: PG0304 | N8: RIGO | O8: Salvation Army | P8: TRUE | Q8: Active | R8: HF | S8: 3 | T8: 4954 | U8: =T8*20% -> 990.8 | V8: 228 | W8: 207 | X8: =T8*3% -> 148.62 | Y8: =U8-X8 -> 842.18
A9: 65 | B9: 30101 | C9: Boru HC | D9: Boru HC | E9: 1997 | F9: =IF(C9=D9,"Match","Not Match") -> Match | G9: =IF(E9=T9,"Match","Not Match") -> Match | H9: Southern | I9: 3 | J9: PG-CPM | K9: Central | L9: 301 | M9: PG0301 | N9: ABAU | O9: United Church | P9: TRUE | Q9: Active | R9: HF | S9: 3 | T9: 1997 | U9: =T9*20% -> 399.4 | V9: 136 | W9: 123 | X9: =T9*3% -> 59.91 | Y9: =U9-X9 -> 339.49
A10: 90 | B10: 30313 | C10: Doa SC | D10: Doa SC | E10: 4111 | F10: =IF(C10=D10,"Match","Not Match") -> Match | G10: =IF(E10=T10,"Match","Not Match") -> Match | H10: Southern | I10: 3 | J10: PG-CPM | K10: Central | L10: 303 | M10: PG0303 | N10: KAIRUKU/HIRI | P10: FALSE | Q10: Active | R10: HF | S10: 3 | T10: 4111 | U10: =T10*20% -> 822.2 | V10: 342 | W10: 315 | X10: =T10*3% -> 123.33 | Y10: =U10-X10 -> 698.87
A11: 98 | B11: 30402 | C11: Dorobisoro SC | D11: Dorobisoro SC | E11: 2310 | F11: =IF(C11=D11,"Match","Not Match") -> Match | G11: =IF(E11=T11,"Match","Not Match") -> Match | H11: Southern | I11: 3 | J11: PG-CPM | K11: Central | L11: 304 | M11: PG0304 | N11: RIGO | P11: FALSE | Q11: Active | R11: HF | S11: 3 | T11: 2310 | U11: =T11*20% -> 462 | V11: 243 | W11: 224 | X11: =T11*3% -> 69.3 | Y11: =U11-X11 -> 392.7
A12: 82 | B12: 30305 | C12: Efogi SC | D12: Efogi SC | E12: 1202 | F12: =IF(C12=D12,"Match","Not Match") -> Match | G12: =IF(E12=T12,"Match","Not Match") -> Match | H12: Southern | I12: 3 | J12: PG-CPM | K12: Central | L12: 303 | M12: PG0303 | N12: KAIRUKU/HIRI | O12: Seventh-Day Adventist | P12: TRUE | Q12: Active | R12: HF | S12: 3 | T12: 1202 | U12: =T12*20% -> 240.4 | V12: 210 | W12: 193 | X12: =T12*3% -> 36.06 | Y12: =U12-X12 -> 204.34
A13: 70 | B13: 30201 | C13: Fane SC | D13: Fane SC | E13: 10766 | F13: =IF(C13=D13,"Match","Not Match") -> Match | G13: =IF(E13=T13,"Match","Not Match") -> Match | H13: Southern | I13: 3 | J13: PG-CPM | K13: Central | L13: 302 | M13: PG0302 | N13: GOILALA | O13: Catholic | P13: TRUE | Q13: Active | R13: HF | S13: 3 | T13: 10766 | U13: =T13*20% -> 2153.2 | V13: 1478 | W13: 1181 | X13: =T13*3% -> 322.98 | Y13: =U13-X13 -> 1830.22
A14: 83 | B14: 30306 | C14: Goldie SC | D14: Goldie SC | E14: 1854 | F14: =IF(C14=D14,"Match","Not Match") -> Match | G14: =IF(E14=T14,"Match","Not Match") -> Match | H14: Southern | I14: 3 | J14: PG-CPM | K14: Central | L14: 303 | M14: PG0303 | N14: KAIRUKU/HIRI | P14: FALSE | Q14: Active | R14: HF | S14: 3 | T14: 1854 | U14: =T14*20% -> 370.8 | V14: 499 | W14: 434 | X14: =T14*3% -> 55.62 | Y14: =U14-X14 -> 315.18
A15: 99 | B15: 30403 | C15: Hula SC | D15: Hula SC | E15: 18131 | F15: =IF(C15=D15,"Match","Not Match") -> Match | G15: =IF(E15=T15,"Match","Not Match") -> Match | H15: Southern | I15: 3 | J15: PG-CPM | K15: Central | L15: 304 | M15: PG0304 | N15: RIGO | O15: United Church | P15: TRUE | Q15: Active | R15: HF | S15: 3 | T15: 18131 | U15: =T15*20% -> 3626.2 | V15: 399 | W15: 380 | X15: =T15*3% -> 543.93 | Y15: =U15-X15 -> 3082.27
A16: 84 | B16: 30307 | C16: Inawaia SC | D16: Inawaia SC | E16: 8677 | F16: =IF(C16=D16,"Match","Not Match") -> Match | G16: =IF(E16=T16,"Match","Not Match") -> Match | H16: Southern | I16: 3 | J16: PG-CPM | K16: Central | L16: 303 | M16: PG0303 | N16: KAIRUKU/HIRI | O16: Catholic | P16: TRUE | Q16: Active | R16: HF | S16: 3 | T16: 8677 | U16: =T16*20% -> 1735.4 | V16: 345 | W16: 328 | X16: =T16*3% -> 260.31 | Y16: =U16-X16 -> 1475.09
A17: 66 | B17: 30102 | C17: Iruna HC | D17: Iruna HC | E17: 15376 | F17: =IF(C17=D17,"Match","Not Match") -> Match | G17: =IF(E17=T17,"Match","Not Match") -> Match | H17: Southern | I17: 3 | J17: PG-CPM | K17: Central | L17: 301 | M17: PG0301 | N17: ABAU | O17: United Church | P17: TRUE | Q17: Active | R17: HF | S17: 3 | T17: 15376 | U17: =T17*20% -> 3075.2 | V17: 629 | W17: 599 | X17: =T17*3% -> 461.28 | Y17: =U17-X17 -> 2613.92
A18: 100 | B18: 30404 | C18: Kak SC | D18: Kak SC | E18: 5845 | F18: =IF(C18=D18,"Match","Not Match") -> Match | G18: =IF(E18=T18,"Match","Not Match") -> Match | H18: Southern | I18: 3 | J18: PG-CPM | K18: Central | L18: 304 | M18: PG0304 | N18: RIGO | P18: FALSE | Q18: Active | R18: HF | S18: 3 | T18: 5845 | U18: =T18*20% -> 1169 | V18: 1388 | W18: 1222 | X18: =T18*3% -> 175.35 | Y18: =U18-X18 -> 993.65
A19: 817 | B19: 30321 | C19: Kanosia SC | D19: Kanosia SC | E19: 2066 | F19: =IF(C19=D19,"Match","Not Match") -> Match | G19: =IF(E19=T19,"Match","Not Match") -> Match | H19: Southern | I19: 3 | J19: PG-CPM | K19: Central | L19: 303 | M19: PG0303 | N19: KAIRUKU/HIRI | O19: Catholic | P19: TRUE | Q19: Active | R19: HF | S19: 3 | T19: 2066 | U19: =T19*20% -> 413.2 | V19: 349 | W19: 368 | X19: =T19*3% -> 61.98 | Y19: =U19-X19 -> 351.22
A20: 103 | B20: 30407 | C20: Kokorogoro SC | D20: Kokorogoro SC | E20: 2887 | F20: =IF(C20=D20,"Match","Not Match") -> Match | G20: =IF(E20=T20,"Match","Not Match") -> Match | H20: Southern | I20: 3 | J20: PG-CPM | K20: Central | L20: 304 | M20: PG0304 | N20: RIGO | O20: Salvation Army | P20: TRUE | Q20: Active | R20: HF | S20: 3 | T20: 2887 | U20: =T20*20% -> 577.4 | V20: 192 | W20: 184 | X20: =T20*3% -> 86.61 | Y20: =U20-X20 -> 490.79
A21: 816 | B21: 30320 | C21: Kubuna SC | D21: Kubuna SC | E21: 2571 | F21: =IF(C21=D21,"Match","Not Match") -> Match | G21: =IF(E21=T21,"Match","Not Match") -> Match | H21: Southern | I21: 3 | J21: PG-CPM | K21: Central | L21: 303 | M21: PG0303 | N21: KAIRUKU/HIRI | O21: Catholic | P21: TRUE | Q21: Active | R21: HF | S21: 3 | T21: 2571 | U21: =T21*20% -> 514.2 | V21: 117 | W21: 107 | X21: =T21*3% -> 77.13 | Y21: =U21-X21 -> 437.07
A22: 67 | B22: 30103 | C22: Kupiano HC | D22: Kupiano HC | E22: 20332 | F22: =IF(C22=D22,"Match","Not Match") -> Match | G22: =IF(E22=T22,"Match","Not Match") -> Match | H22: Southern | I22: 3 | J22: PG-CPM | K22: Central | L22: 301 | M22: PG0301 | N22: ABAU | P22: FALSE | Q22: Active | R22: HF | S22: 3 | T22: 20332 | U22: =T22*20% -> 4066.4 | V22: 438 | W22: 400 | X22: =T22*3% -> 609.96 | Y22: =U22-X22 -> 3456.44
A23: 93 | B23: 30316 | C23: Kuriva SC | D23: Kuriva SC | E23: 7124 | F23: =IF(C23=D23,"Match","Not Match") -> Match | G23: =IF(E23=T23,"Match","Not Match") -> Match | H23: Southern | I23: 3 | J23: PG-CPM | K23: Central | L23: 303 | M23: PG0303 | N23: KAIRUKU/HIRI | P23: FALSE | Q23: Active | R23: HF | S23: 3 | T23: 7124 | U23: =T23*20% -> 1424.8 | V23: 131 | W23: 119 | X23: =T23*3% -> 213.72 | Y23: =U23-X23 -> 1211.08
A24: 101 | B24: 30405 | C24: Kwikila HC | D24: Kwikila HC | E24: 39570 | F24: =IF(C24=D24,"Match","Not Match") -> Match | G24: =IF(E24=T24,"Match","Not Match") -> Match | H24: Southern | I24: 3 | J24: PG-CPM | K24: Central | L24: 304 | M24: PG0304 | N24: RIGO | P24: FALSE | Q24: Active | R24: HO | S24: 3 | T24: 39570 | U24: =T24*20% -> 7914 | V24: 308 | W24: 282 | X24: =T24*3% -> 1187.1 | Y24: =U24-X24 -> 6726.9
A25: 94 | B25: 30317 | C25: Laloki Hospital | D25: Laloki Hospital | E25: 4257 | F25: =IF(C25=D25,"Match","Not Match") -> Match | G25: =IF(E25=T25,"Match","Not Match") -> Match | H25: Southern | I25: 3 | J25: PG-CPM | K25: Central | L25: 303 | M25: PG0303 | N25: KAIRUKU/HIRI | P25: FALSE | Q25: Active | R25: HO | S25: 3 | T25: 4257 | U25: =T25*20% -> 851.4 | V25: 810 | W25: 740 | X25: =T25*3% -> 127.71 | Y25: =U25-X25 -> 723.69
A26: 818 | B26: 30322 | C26: Manari SC | D26: Manari SC | E26: 1365 | F26: =IF(C26=D26,"Match","Not Match") -> Match | G26: =IF(E26=T26,"Match","Not Match") -> Match | H26: Southern | I26: 3 | J26: PG-CPM | K26: Central | L26: 303 | M26: PG0303 | N26: KAIRUKU/HIRI | O26: Seventh-Day Adventist | P26: TRUE | Q26: Active | R26: HF | S26: 3 | T26: 1365 | U26: =T26*20% -> 273 | V26: 177 | W26: 139 | X26: =T26*3% -> 40.95 | Y26: =U26-X26 -> 232.05
A27: 68 | B27: 30104 | C27: Moreguina HC | D27: Moreguina HC | E27: 14064 | F27: =IF(C27=D27,"Match","Not Match") -> Match | G27: =IF(E27=T27,"Match","Not Match") -> Match | H27: Southern | I27: 3 | J27: PG-CPM | K27: Central | L27: 301 | M27: PG0301 | N27: ABAU | P27: FALSE | Q27: Active | R27: HF | S27: 3 | T27: 14064 | U27: =T27*20% -> 2812.8 | V27: 556 | W27: 447 | X27: =T27*3% -> 421.92 | Y27: =U27-X27 -> 2390.88
A28: 72 | B28: 30203 | C28: Ononge SC | D28: Ononge SC | E28: 8111 | F28: =IF(C28=D28,"Match","Not Match") -> Match | G28: =IF(E28=T28,"Match","Not Match") -> Match | H28: Southern | I28: 3 | J28: PG-CPM | K28: Central | L28: 302 | M28: PG0302 | N28: GOILALA | O28: Catholic | P28: TRUE | Q28: Active | R28: HF | S28: 3 | T28: 8111 | U28: =T28*20% -> 1622.2 | V28: 441 | W28: 407 | X28: =T28*3% -> 243.33 | Y28: =U28-X28 -> 1378.87
A29: 96 | B29: 30319 | C29: Papa SC | D29: Papa SC | E29: 6958 | F29: =IF(C29=D29,"Match","Not Match") -> Match | G29: =IF(E29=T29,"Match","Not Match") -> Match | H29: Southern | I29: 3 | J29: PG-CPM | K29: Central | L29: 303 | M29: PG0303 | N29: KAIRUKU/HIRI | O29: Salvation Army | P29: TRUE | Q29: Active | R29: HF | S29: 3 | T29: 6958 | U29: =T29*20% -> 1391.6 | V29: 343 | W29: 317 | X29: =T29*3% -> 208.74 | Y29: =U29-X29 -> 1182.86
A30: 11344 | B30: 30106 | C30: Paramana SC | D30: Paramana SC | E30: 15150 | F30: =IF(C30=D30,"Match","Not Match") -> Match | G30: =IF(E30=T30,"Match","Not Match") -> Match | H30: Southern | I30: 3 | J30: PG-CPM | K30: Central | L30: 301 | M30: PG0301 | N30: ABAU | P30: FALSE | Q30: Active | R30: HF | S30: 3 | T30: 15150 | U30: =T30*20% -> 3030 | V30: 47 | W30: 43 | X30: =T30*3% -> 454.5 | Y30: =U30-X30 -> 2575.5
A31: 92 | B31: 30315 | C31: Pau SC | D31: Pau SC | E31: 4337 | F31: =IF(C31=D31,"Match","Not Match") -> Match | G31: =IF(E31=T31,"Match","Not Match") -> Match | H31: Southern | I31: 3 | J31: PG-CPM | K31: Central | L31: 303 | M31: PG0303 | N31: KAIRUKU/HIRI | O31: Seventh-Day Adventist | P31: TRUE | Q31: Active | R31: HF | S31: 3 | T31: 4337 | U31: =T31*20% -> 867.4 | V31: 725 | W31: 669 | X31: =T31*3% -> 130.11 | Y31: =U31-X31 -> 737.29
A32: 91 | B32: 30314 | C32: Porebada SC | D32: Porebada SC | E32: 16945 | F32: =IF(C32=D32,"Match","Not Match") -> Match | G32: =IF(E32=T32,"Match","Not Match") -> Match | H32: Southern | I32: 3 | J32: PG-CPM | K32: Central | L32: 303 | M32: PG0303 | N32: KAIRUKU/HIRI | P32: FALSE | Q32: Active | R32: HF | S32: 3 | T32: 16945 | U32: =T32*20% -> 3389 | V32: 64 | W32: 59 | X32: =T32*3% -> 508.35 | Y32: =U32-X32 -> 2880.65
A33: 85 | B33: 30308 | C33: RMC UC | D33: RMC UC | E33: 18130 | F33: =IF(C33=D33,"Match","Not Match") -> Match | G33: =IF(E33=T33,"Match","Not Match") -> Match | H33: Southern | I33: 3 | J33: PG-CPM | K33: Central | L33: 303 | M33: PG0303 | N33: KAIRUKU/HIRI | P33: FALSE | Q33: Active | R33: HF | S33: 3 | T33: 18130 | U33: =T33*20% -> 3626 | V33: 145 | W33: 121 | X33: =T33*3% -> 543.9 | Y33: =U33-X33 -> 3082.1
A34: 86 | B34: 30309 | C34: Sogeri SC | D34: Sogeri SC | E34: 10882 | F34: =IF(C34=D34,"Match","Not Match") -> Match | G34: =IF(E34=T34,"Match","Not Match") -> Match | H34: Southern | I34: 3 | J34: PG-CPM | K34: Central | L34: 303 | M34: PG0303 | N34: KAIRUKU/HIRI | P34: FALSE | Q34: Active | R34: HF | S34: 3 | T34: 10882 | U34: =T34*20% -> 2176.4 | X34: =T34*3% -> 326.46 | Y34: =U34-X34 -> 1849.94
A35: 73 | B35: 30204 | C35: Tapini HC | D35: Tapini HC | E35: 18149 | F35: =IF(C35=D35,"Match","Not Match") -> Match | G35: =IF(E35=T35,"Match","Not Match") -> Match | H35: Southern | I35: 3 | J35: PG-CPM | K35: Central | L35: 302 | M35: PG0302 | N35: GOILALA | O35: Catholic | P35: TRUE | Q35: Active | R35: HF | S35: 3 | T35: 18149 | U35: =T35*20% -> 3629.8 | X35: =T35*3% -> 544.47 | Y35: =U35-X35 -> 3085.33
A36: 76 | B36: 30207 | C36: Tororo SC | D36: Tororo SC | E36: 3895 | F36: =IF(C36=D36,"Match","Not Match") -> Match | G36: =IF(E36=T36,"Match","Not Match") -> Match | H36: Southern | I36: 3 | J36: PG-CPM | K36: Central | L36: 302 | M36: PG0302 | N36: GOILALA | O36: Seventh-Day Adventist | P36: TRUE | Q36: Active | R36: HF | S36: 3 | T36: 3895 | U36: =T36*20% -> 779 | V36: 67 | W36: 62 | X36: =T36*3% -> 116.85 | Y36: =U36-X36 -> 662.15
A37: 95 | B37: 30318 | C37: Tubusereia SC | D37: Tubusereia SC | E37: 7031 | F37: =IF(C37=D37,"Match","Not Match") -> Match | G37: =IF(E37=T37,"Match","Not Match") -> Match | H37: Southern | I37: 3 | J37: PG-CPM | K37: Central | L37: 303 | M37: PG0303 | N37: KAIRUKU/HIRI | P37: FALSE | Q37: Active | R37: HF | S37: 3 | T37: 7031 | U37: =T37*20% -> 1406.2 | V37: 442 | W37: 411 | X37: =T37*3% -> 210.93 | Y37: =U37-X37 -> 1195.27
A38: 69 | B38: 30105 | C38: Upulima SC | D38: Upulima SC | E38: 3311 | F38: =IF(C38=D38,"Match","Not Match") -> Match | G38: =IF(E38=T38,"Match","Not Match") -> Match | H38: Southern | I38: 3 | J38: PG-CPM | K38: Central | L38: 301 | M38: PG0301 | N38: ABAU | P38: FALSE | Q38: Active | R38: HF | S38: 3 | T38: 3311 | U38: =T38*20% -> 662.2 | V38: 541 | W38: 531 | X38: =T38*3% -> 99.33 | Y38: =U38-X38 -> 562.87
A39: 87 | B39: 30310 | C39: Veifa'a HC | D39: Veifa'a HC | E39: 13693 | F39: =IF(C39=D39,"Match","Not Match") -> Match | G39: =IF(E39=T39,"Match","Not Match") -> Match | H39: Southern | I39: 3 | J39: PG-CPM | K39: Central | L39: 303 | M39: PG0303 | N39: KAIRUKU/HIRI | O39: Catholic | P39: TRUE | Q39: Active | R39: HF | S39: 3 | T39: 13693 | U39: =T39*20% -> 2738.6 | V39: 664 | W39: 578 | X39: =T39*3% -> 410.79 | Y39: =U39-X39 -> 2327.81
A40: 88 | B40: 30311 | C40: Waima SC | D40: Waima SC | E40: 3993 | F40: =IF(C40=D40,"Match","Not Match") -> Match | G40: =IF(E40=T40,"Match","Not Match") -> Match | H40: Southern | I40: 3 | J40: PG-CPM | K40: Central | L40: 303 | M40: PG0303 | N40: KAIRUKU/HIRI | O40: Catholic | P40: TRUE | Q40: Active | R40: HF | S40: 3 | T40: 3993 | U40: =T40*20% -> 798.6 | V40: 747 | W40: 683 | X40: =T40*3% -> 119.79 | Y40: =U40-X40 -> 678.81
A41: 74 | B41: 30205 | C41: Woitape HC | D41: Woitape HC | E41: 7005 | F41: =IF(C41=D41,"Match","Not Match") -> Match | G41: =IF(E41=T41,"Match","Not Match") -> Match | H41: Southern | I41: 3 | J41: PG-CPM | K41: Central | L41: 302 | M41: PG0302 | N41: GOILALA | P41: FALSE | Q41: Active | R41: HF | S41: 3 | T41: 7005 | U41: =T41*20% -> 1401 | V41: 98 | W41: 89 | X41: =T41*3% -> 210.15 | Y41: =U41-X41 -> 1190.85
A42: 75 | B42: 30206 | C42: Yongai SC | D42: Yongai SC | E42: 5703 | F42: =IF(C42=D42,"Match","Not Match") -> Match | G42: =IF(E42=T42,"Match","Not Match") -> Match | H42: Southern | I42: 3 | J42: PG-CPM | K42: Central | L42: 302 | M42: PG0302 | N42: GOILALA | O42: Catholic | P42: TRUE | Q42: Active | R42: HF | S42: 3 | T42: 5703 | U42: =T42*20% -> 1140.6 | X42: =T42*3% -> 171.09 | Y42: =U42-X42 -> 969.51
A43: 77 | B43: 30208 | C43: Yulai SC | D43: Yulai SC | E43: 0 | F43: =IF(C43=D43,"Match","Not Match") -> Match | G43: =IF(E43=T43,"Match","Not Match") -> Match | H43: Southern | I43: 3 | J43: PG-CPM | K43: Central | L43: 302 | M43: PG0302 | N43: GOILALA | P43: FALSE | Q43: Inactive | R43: HF | S43: 3 | U43: =T43*20% -> 0 | V43: 179 | W43: 173 | X43: =T43*3% -> 0 | Y43: =U43-X43 -> 0
A44: 89 | B44: 30312 | C44: Yule Island SC | D44: Yule Island SC | E44: 4581 | F44: =IF(C44=D44,"Match","Not Match") -> Match | G44: =IF(E44=T44,"Match","Not Match") -> Match | H44: Southern | I44: 3 | J44: PG-CPM | K44: Central | L44: 303 | M44: PG0303 | N44: KAIRUKU/HIRI | O44: Catholic | P44: TRUE | Q44: Active | R44: HF | S44: 3 | T44: 4581 | U44: =T44*20% -> 916.2 | V44: 1279 | W44: 1230 | X44: =T44*3% -> 137.43 | Y44: =U44-X44 -> 778.77
A45: 503 | B45: 140306 | C45: Albinama SC | D45: Albinama SC | E45: 5471 | F45: =IF(C45=D45,"Match","Not Match") -> Match | G45: =IF(E45=T45,"Match","Not Match") -> Match | H45: Momase | I45: 14 | J45: PG-ESW | K45: East Sepik | L45: 1403 | M45: PG1403 | N45: MAPRIK | O45: South Sea Evangelical Church (SSEC) | P45: TRUE | Q45: Active | R45: HF | S45: 14 | T45: 5471 | U45: =T45*20% -> 1094.2 | V45: 198 | W45: 159 | X45: =T45*3% -> 164.13 | Y45: =U45-X45 -> 930.07
A46: 489 | B46: 140201 | C46: Amboin SC | D46: Amboin SC | E46: 11963 | F46: =IF(C46=D46,"Match","Not Match") -> Match | G46: =IF(E46=T46,"Match","Not Match") -> Match | H46: Momase | I46: 14 | J46: PG-ESW | K46: East Sepik | L46: 1402 | M46: PG1402 | N46: ANGORAM | P46: FALSE | Q46: Active | R46: HF | S46: 14 | T46: 11963 | U46: =T46*20% -> 2392.6 | V46: 432 | W46: 347 | X46: =T46*3% -> 358.89 | Y46: =U46-X46 -> 2033.71
A47: 480 | B47: 140101 | C47: Ambunti HC | D47: Ambunti HC | E47: 18075 | F47: =IF(C47=D47,"Match","Not Match") -> Match | G47: =IF(E47=T47,"Match","Not Match") -> Match | H47: Momase | I47: 14 | J47: PG-ESW | K47: East Sepik | L47: 1401 | M47: PG1401 | N47: AMBUNTI/DREKIKIR | P47: FALSE | Q47: Active | R47: HF | S47: 14 | T47: 18075 | U47: =T47*20% -> 3615 | V47: 653 | W47: 524 | X47: =T47*3% -> 542.25 | Y47: =U47-X47 -> 3072.75
A48: 490 | B48: 140202 | C48: Angoram HC | D48: Angoram HC | E48: 33218 | F48: =IF(C48=D48,"Match","Not Match") -> Match | G48: =IF(E48=T48,"Match","Not Match") -> Match | H48: Momase | I48: 14 | J48: PG-ESW | K48: East Sepik | L48: 1402 | M48: PG1402 | N48: ANGORAM | P48: FALSE | Q48: Active | R48: HF | S48: 14 | T48: 33218 | U48: =T48*20% -> 6643.6 | V48: 1200 | W48: 963 | X48: =T48*3% -> 996.54 | Y48: =U48-X48 -> 5647.06
A49: 486 | B49: 140108 | C49: April River SC | D49: April River SC | E49: 2719 | F49: =IF(C49=D49,"Match","Not Match") -> Match | G49: =IF(E49=T49,"Match","Not Match") -> Match | H49: Momase | I49: 14 | J49: PG-ESW | K49: East Sepik | L49: 1401 | M49: PG1401 | N49: AMBUNTI/DREKIKIR | O49: South Sea Evangelical Church (SSEC) | P49: TRUE | Q49: Active | R49: HF | S49: 14 | T49: 2719 | U49: =T49*20% -> 543.8 | V49: 98 | W49: 79 | X49: =T49*3% -> 81.57 | Y49: =U49-X49 -> 462.23
A50: 11348 | B50: 140411 | C50: Balam CHP | D50: Balam CHP | E50: 15941 | F50: =IF(C50=D50,"Match","Not Match") -> Match | G50: =IF(E50=T50,"Match","Not Match") -> Match | H50: Momase | I50: 14 | J50: PG-ESW | K50: East Sepik | L50: 1404 | M50: PG1404 | N50: WEWAK | P50: FALSE | Q50: Active | R50: HF | S50: 14 | T50: 15941 | U50: =T50*20% -> 3188.2 | V50: 576 | W50: 462 | X50: =T50*3% -> 478.23 | Y50: =U50-X50 -> 2709.97
A51: 826 | B51: 140111 | C51: Bana SC | D51: Bana SC | E51: 8862 | F51: =IF(C51=D51,"Match","Not Match") -> Match | G51: =IF(E51=T51,"Match","Not Match") -> Match | H51: Momase | I51: 14 | J51: PG-ESW | K51: East Sepik | L51: 1401 | M51: PG1401 | N51: AMBUNTI/DREKIKIR | O51: Nazarene | P51: TRUE | Q51: Active | R51: HF | S51: 14 | T51: 8862 | U51: =T51*20% -> 1772.4 | V51: 320 | W51: 257 | X51: =T51*3% -> 265.86 | Y51: =U51-X51 -> 1506.54
A52: 491 | B52: 140203 | C52: Biwat SC | D52: Biwat SC | E52: 15283 | F52: =IF(C52=D52,"Match","Not Match") -> Match | G52: =IF(E52=T52,"Match","Not Match") -> Match | H52: Momase | I52: 14 | J52: PG-ESW | K52: East Sepik | L52: 1402 | M52: PG1402 | N52: ANGORAM | O52: Catholic | P52: TRUE | Q52: Active | R52: HF | S52: 14 | T52: 15283 | U52: =T52*20% -> 3056.6 | V52: 552 | W52: 443 | X52: =T52*3% -> 458.49 | Y52: =U52-X52 -> 2598.11
A53: 862 | B53: 140112 | C53: Bongos SC | D53: Bongos SC | E53: 0 | F53: =IF(C53=D53,"Match","Not Match") -> Match | G53: =IF(E53=T53,"Match","Not Match") -> Match | H53: Momase | I53: 14 | J53: PG-ESW | K53: East Sepik | L53: 1401 | M53: PG1401 | N53: AMBUNTI/DREKIKIR | O53: Baptist | P53: TRUE | Q53: Inactive | R53: HF | S53: 14 | T53: 0 | U53: =T53*20% -> 0 | V53: 0 | W53: 0 | X53: =T53*3% -> 0 | Y53: =U53-X53 -> 0
A54: 506 | B54: 140401 | C54: Boram HO | D54: Boram HO | E54: 26389 | F54: =IF(C54=D54,"Match","Not Match") -> Match | G54: =IF(E54=T54,"Match","Not Match") -> Match | H54: Momase | I54: 14 | J54: PG-ESW | K54: East Sepik | L54: 1404 | M54: PG1404 | N54: WEWAK | P54: FALSE | Q54: Active | R54: HO | S54: 14 | T54: 26389 | U54: =T54*20% -> 5277.8 | V54: 953 | W54: 765 | X54: =T54*3% -> 791.67 | Y54: =U54-X54 -> 4486.13
A55: 11347 | B55: 140310 | C55: Brigiti CHP | D55: Brigiti CHP | E55: 31884 | F55: =IF(C55=D55,"Match","Not Match") -> Match | G55: =IF(E55=T55,"Match","Not Match") -> Match | H55: Momase | I55: 14 | J55: PG-ESW | K55: East Sepik | L55: 1403 | M55: PG1403 | N55: MAPRIK | P55: FALSE | Q55: Active | R55: HF | S55: 14 | T55: 31884 | U55: =T55*20% -> 6376.8 | V55: 1151 | W55: 925 | X55: =T55*3% -> 956.52 | Y55: =U55-X55 -> 5420.28
A56: 499 | B56: 140301 | C56: Brugam SC | D56: Brugam SC | E56: 13773 | F56: =IF(C56=D56,"Match","Not Match") -> Match | G56: =IF(E56=T56,"Match","Not Match") -> Match | H56: Momase | I56: 14 | J56: PG-ESW | K56: East Sepik | L56: 1403 | M56: PG1403 | N56: MAPRIK | O56: South Sea Evangelical Church (SSEC) | P56: TRUE | Q56: Active | R56: HF | S56: 14 | T56: 13773 | U56: =T56*20% -> 2754.6 | V56: 497 | W56: 399 | X56: =T56*3% -> 413.19 | Y56: =U56-X56 -> 2341.41
A57: 492 | B57: 140204 | C57: Bunam HC | D57: Bunam HC | E57: 6479 | F57: =IF(C57=D57,"Match","Not Match") -> Match | G57: =IF(E57=T57,"Match","Not Match") -> Match | H57: Momase | I57: 14 | J57: PG-ESW | K57: East Sepik | L57: 1402 | M57: PG1402 | N57: ANGORAM | P57: FALSE | Q57: Active | R57: HF | S57: 14 | T57: 6479 | U57: =T57*20% -> 1295.8 | V57: 234 | W57: 188 | X57: =T57*3% -> 194.37 | Y57: =U57-X57 -> 1101.43
A58: 507 | B58: 140402 | C58: Dagua HC | D58: Dagua HC | E58: 20572 | F58: =IF(C58=D58,"Match","Not Match") -> Match | G58: =IF(E58=T58,"Match","Not Match") -> Match | H58: Momase | I58: 14 | J58: PG-ESW | K58: East Sepik | L58: 1404 | M58: PG1404 | N58: WEWAK | O58: Catholic | P58: TRUE | Q58: Active | R58: HF | S58: 14 | T58: 20572 | U58: =T58*20% -> 4114.4 | V58: 743 | W58: 597 | X58: =T58*3% -> 617.16 | Y58: =U58-X58 -> 3497.24
A59: 481 | B59: 140102 | C59: Dreikikir HC | D59: Dreikikir HC | E59: 31686 | F59: =IF(C59=D59,"Match","Not Match") -> Match | G59: =IF(E59=T59,"Match","Not Match") -> Match | H59: Momase | I59: 14 | J59: PG-ESW | K59: East Sepik | L59: 1401 | M59: PG1401 | N59: AMBUNTI/DREKIKIR | P59: FALSE | Q59: Active | R59: HF | S59: 14 | T59: 31686 | U59: =T59*20% -> 6337.2 | V59: 1144 | W59: 919 | X59: =T59*3% -> 950.58 | Y59: =U59-X59 -> 5386.62
A60: 515 | B60: 140501 | C60: Gawi HC | D60: Gawi HC | E60: 15405 | F60: =IF(C60=D60,"Match","Not Match") -> Match | G60: =IF(E60=T60,"Match","Not Match") -> Match | H60: Momase | I60: 14 | J60: PG-ESW | K60: East Sepik | L60: 1405 | M60: PG1405 | N60: WOSERA GAWI | P60: FALSE | Q60: Active | R60: HF | S60: 14 | T60: 15405 | U60: =T60*20% -> 3081 | V60: 556 | W60: 447 | X60: =T60*3% -> 462.15 | Y60: =U60-X60 -> 2618.85
A61: 488 | B61: 140110 | C61: Hauna SC | D61: Hauna SC | E61: 4415 | F61: =IF(C61=D61,"Match","Not Match") -> Match | G61: =IF(E61=T61,"Match","Not Match") -> Match | H61: Momase | I61: 14 | J61: PG-ESW | K61: East Sepik | L61: 1401 | M61: PG1401 | N61: AMBUNTI/DREKIKIR | O61: Sepik Christian Mission (SCM) | P61: TRUE | Q61: Active | R61: HF | S61: 14 | T61: 4415 | U61: =T61*20% -> 883 | V61: 159 | W61: 128 | X61: =T61*3% -> 132.45 | Y61: =U61-X61 -> 750.55
A62: 500 | B62: 140302 | C62: Ilahita SC | D62: Ilahita SC | E62: 10986 | F62: =IF(C62=D62,"Match","Not Match") -> Match | G62: =IF(E62=T62,"Match","Not Match") -> Match | H62: Momase | I62: 14 | J62: PG-ESW | K62: East Sepik | L62: 1403 | M62: PG1403 | N62: MAPRIK | O62: South Sea Evangelical Church (SSEC) | P62: TRUE | Q62: Active | R62: HF | S62: 14 | T62: 10986 | U62: =T62*20% -> 2197.2 | V62: 397 | W62: 319 | X62: =T62*3% -> 329.58 | Y62: =U62-X62 -> 1867.62
A63: 493 | B63: 140205 | C63: Jangit SC | D63: Jangit SC | E63: 7678 | F63: =IF(C63=D63,"Match","Not Match") -> Match | G63: =IF(E63=T63,"Match","Not Match") -> Match | H63: Momase | I63: 14 | J63: PG-ESW | K63: East Sepik | L63: 1402 | M63: PG1402 | N63: ANGORAM | P63: FALSE | Q63: Active | R63: HF | S63: 14 | T63: 7678 | U63: =T63*20% -> 1535.6 | V63: 277 | W63: 223 | X63: =T63*3% -> 230.34 | Y63: =U63-X63 -> 1305.26
A64: 508 | B64: 140403 | C64: Kairiru SC | D64: Kairiru SC | E64: 10042 | F64: =IF(C64=D64,"Match","Not Match") -> Match | G64: =IF(E64=T64,"Match","Not Match") -> Match | H64: Momase | I64: 14 | J64: PG-ESW | K64: East Sepik | L64: 1404 | M64: PG1404 | N64: WEWAK | O64: Catholic | P64: TRUE | Q64: Active | R64: HF | S64: 14 | T64: 10042 | U64: =T64*20% -> 2008.4 | V64: 363 | W64: 291 | X64: =T64*3% -> 301.26 | Y64: =U64-X64 -> 1707.14
A65: 497 | B65: 140209 | C65: Kambot SC | D65: Kambot SC | E65: 13209 | F65: =IF(C65=D65,"Match","Not Match") -> Match | G65: =IF(E65=T65,"Match","Not Match") -> Match | H65: Momase | I65: 14 | J65: PG-ESW | K65: East Sepik | L65: 1402 | M65: PG1402 | N65: ANGORAM | O65: Catholic | P65: TRUE | Q65: Active | R65: HF | S65: 14 | T65: 13209 | U65: =T65*20% -> 2641.8 | V65: 477 | W65: 383 | X65: =T65*3% -> 396.27 | Y65: =U65-X65 -> 2245.53
A66: 498 | B66: 140210 | C66: Kambuku SC | D66: Kambuku SC | E66: 6820 | F66: =IF(C66=D66,"Match","Not Match") -> Match | G66: =IF(E66=T66,"Match","Not Match") -> Match | H66: Momase | I66: 14 | J66: PG-ESW | K66: East Sepik | L66: 1402 | M66: PG1402 | N66: ANGORAM | O66: Lutheran | P66: TRUE | Q66: Active | R66: HF | S66: 14 | T66: 6820 | U66: =T66*20% -> 1364 | V66: 246 | W66: 198 | X66: =T66*3% -> 204.6 | Y66: =U66-X66 -> 1159.4
A67: 494 | B67: 140206 | C67: Kaningara SC | D67: Kaningara SC | E67: 8559 | F67: =IF(C67=D67,"Match","Not Match") -> Match | G67: =IF(E67=T67,"Match","Not Match") -> Match | H67: Momase | I67: 14 | J67: PG-ESW | K67: East Sepik | L67: 1402 | M67: PG1402 | N67: ANGORAM | O67: Catholic | P67: TRUE | Q67: Active | R67: HF | S67: 14 | T67: 8559 | U67: =T67*20% -> 1711.8 | V67: 309 | W67: 248 | X67: =T67*3% -> 256.77 | Y67: =U67-X67 -> 1455.03
A68: 516 | B68: 140502 | C68: Kaugia SC | D68: Kaugia SC | E68: 13775 | F68: =IF(C68=D68,"Match","Not Match") -> Match | G68: =IF(E68=T68,"Match","Not Match") -> Match | H68: Momase | I68: 14 | J68: PG-ESW | K68: East Sepik | L68: 1405 | M68: PG1405 | N68: WOSERA GAWI | O68: Catholic | P68: TRUE | Q68: Active | R68: HF | S68: 14 | T68: 13775 | U68: =T68*20% -> 2755 | V68: 497 | W68: 399 | X68: =T68*3% -> 413.25 | Y68: =U68-X68 -> 2341.75
A69: 512 | B69: 140407 | C69: Koil SC | D69: Koil SC | E69: 7356 | F69: =IF(C69=D69,"Match","Not Match") -> Match | G69: =IF(E69=T69,"Match","Not Match") -> Match | H69: Momase | I69: 14 | J69: PG-ESW | K69: East Sepik | L69: 1404 | M69: PG1404 | N69: WEWAK | O69: Seventh-Day Adventist | P69: TRUE | Q69: Active | R69: HF | S69: 14 | T69: 7356 | U69: =T69*20% -> 1471.2 | V69: 266 | W69: 213 | X69: =T69*3% -> 220.68 | Y69: =U69-X69 -> 1250.52
A70: 505 | B70: 140308 | C70: Kombikum HC | D70: Kombikum HC | E70: 16433 | F70: =IF(C70=D70,"Match","Not Match") -> Match | G70: =IF(E70=T70,"Match","Not Match") -> Match | H70: Momase | I70: 14 | J70: PG-ESW | K70: East Sepik | L70: 1403 | M70: PG1403 | N70: MAPRIK | P70: FALSE | Q70: Active | R70: HF | S70: 14 | T70: 16433 | U70: =T70*20% -> 3286.6 | V70: 593 | W70: 477 | X70: =T70*3% -> 492.99 | Y70: =U70-X70 -> 2793.61
A71: 861 | B71: 140410 | C71: Kreer Heights UC | D71: Kreer Heights UC | E71: 20128 | F71: =IF(C71=D71,"Match","Not Match") -> Match | G71: =IF(E71=T71,"Match","Not Match") -> Match | H71: Momase | I71: 14 | J71: PG-ESW | K71: East Sepik | L71: 1404 | M71: PG1404 | N71: WEWAK | P71: FALSE | Q71: Active | R71: HF | S71: 14 | T71: 20128 | U71: =T71*20% -> 4025.6 | V71: 727 | W71: 584 | X71: =T71*3% -> 603.84 | Y71: =U71-X71 -> 3421.76
A72: 521 | B72: 140601 | C72: Kubalia SC | D72: Kubalia SC | E72: 13237 | F72: =IF(C72=D72,"Match","Not Match") -> Match | G72: =IF(E72=T72,"Match","Not Match") -> Match | H72: Momase | I72: 14 | J72: PG-ESW | K72: East Sepik | L72: 1406 | M72: PG1406 | N72: YANGORU SAUSSIA | P72: FALSE | Q72: Active | R72: HF | S72: 14 | T72: 13237 | U72: =T72*20% -> 2647.4 | V72: 478 | W72: 384 | X72: =T72*3% -> 397.11 | Y72: =U72-X72 -> 2250.29
A73: 517 | B73: 140503 | C73: Kunjingini SC | D73: Kunjingini SC | E73: 28648 | F73: =IF(C73=D73,"Match","Not Match") -> Match | G73: =IF(E73=T73,"Match","Not Match") -> Match | H73: Momase | I73: 14 | J73: PG-ESW | K73: East Sepik | L73: 1405 | M73: PG1405 | N73: WOSERA GAWI | O73: Catholic | P73: TRUE | Q73: Active | R73: HF | S73: 14 | T73: 28648 | U73: =T73*20% -> 5729.6 | V73: 1034 | W73: 831 | X73: =T73*3% -> 859.44 | Y73: =U73-X73 -> 4870.16
A74: 482 | B74: 140104 | C74: Maposi SC | D74: Maposi SC | E74: 6960 | F74: =IF(C74=D74,"Match","Not Match") -> Match | G74: =IF(E74=T74,"Match","Not Match") -> Match | H74: Momase | I74: 14 | J74: PG-ESW | K74: East Sepik | L74: 1401 | M74: PG1401 | N74: AMBUNTI/DREKIKIR | O74: Evangelical Church of Manus (ECOM) | P74: TRUE | Q74: Active | R74: HF | S74: 14 | T74: 6960 | U74: =T74*20% -> 1392 | V74: 251 | W74: 202 | X74: =T74*3% -> 208.8 | Y74: =U74-X74 -> 1183.2
A75: 501 | B75: 140303 | C75: Maprik DH | D75: Maprik DH | E75: 29538 | F75: =IF(C75=D75,"Match","Not Match") -> Match | G75: =IF(E75=T75,"Match","Not Match") -> Match | H75: Momase | I75: 14 | J75: PG-ESW | K75: East Sepik | L75: 1403 | M75: PG1403 | N75: MAPRIK | P75: FALSE | Q75: Active | R75: HO | S75: 14 | T75: 29538 | U75: =T75*20% -> 5907.6 | V75: 1067 | W75: 857 | X75: =T75*3% -> 886.14 | Y75: =U75-X75 -> 5021.46
A76: 495 | B76: 140207 | C76: Marienburg SC | D76: Marienburg SC | E76: 24769 | F76: =IF(C76=D76,"Match","Not Match") -> Match | G76: =IF(E76=T76,"Match","Not Match") -> Match | H76: Momase | I76: 14 | J76: PG-ESW | K76: East Sepik | L76: 1402 | M76: PG1402 | N76: ANGORAM | O76: Catholic | P76: TRUE | Q76: Active | R76: HF | S76: 14 | T76: 24769 | U76: =T76*20% -> 4953.8 | V76: 894 | W76: 718 | X76: =T76*3% -> 743.07 | Y76: =U76-X76 -> 4210.73
A77: 483 | B77: 140105 | C77: May River SC | D77: May River SC | E77: 8513 | F77: =IF(C77=D77,"Match","Not Match") -> Match | G77: =IF(E77=T77,"Match","Not Match") -> Match | H77: Momase | I77: 14 | J77: PG-ESW | K77: East Sepik | L77: 1401 | M77: PG1401 | N77: AMBUNTI/DREKIKIR | O77: Seventh-Day Adventist | P77: TRUE | Q77: Active | R77: HF | S77: 14 | T77: 8513 | U77: =T77*20% -> 1702.6 | V77: 307 | W77: 247 | X77: =T77*3% -> 255.39 | Y77: =U77-X77 -> 1447.21
A78: 484 | B78: 140106 | C78: Mersey SC | D78: Mersey SC | E78: 3981 | F78: =IF(C78=D78,"Match","Not Match") -> Match | G78: =IF(E78=T78,"Match","Not Match") -> Match | H78: Momase | I78: 14 | J78: PG-ESW | K78: East Sepik | L78: 1401 | M78: PG1401 | N78: AMBUNTI/DREKIKIR | O78: Catholic | P78: TRUE | Q78: Active | R78: HF | S78: 14 | T78: 3981 | U78: =T78*20% -> 796.2 | V78: 144 | W78: 115 | X78: =T78*3% -> 119.43 | Y78: =U78-X78 -> 676.77
A79: 513 | B79: 140408 | C79: Moem UC | D79: Moem UC | E79: 8579 | F79: =IF(C79=D79,"Match","Not Match") -> Match | G79: =IF(E79=T79,"Match","Not Match") -> Match | H79: Momase | I79: 14 | J79: PG-ESW | K79: East Sepik | L79: 1404 | M79: PG1404 | N79: WEWAK | P79: FALSE | Q79: Active | R79: HF | S79: 14 | T79: 8579 | U79: =T79*20% -> 1715.8 | V79: 310 | W79: 249 | X79: =T79*3% -> 257.37 | Y79: =U79-X79 -> 1458.43
A80: 524 | B80: 140604 | C80: Naksimigel SC | D80: Naksimigel SC | E80: 30726 | F80: =IF(C80=D80,"Match","Not Match") -> Match | G80: =IF(E80=T80,"Match","Not Match") -> Match | H80: Momase | I80: 14 | J80: PG-ESW | K80: East Sepik | L80: 1406 | M80: PG1406 | N80: YANGORU SAUSSIA | O80: Seventh-Day Adventist | P80: TRUE | Q80: Active | R80: HF | S80: 14 | T80: 30726 | U80: =T80*20% -> 6145.2 | V80: 1110 | W80: 891 | X80: =T80*3% -> 921.78 | Y80: =U80-X80 -> 5223.42
A81: 875 | B81: 140309 | C81: Naramko CHP | D81: Naramko CHP | E81: 15606 | F81: =IF(C81=D81,"Match","Not Match") -> Match | G81: =IF(E81=T81,"Match","Not Match") -> Match | H81: Momase | I81: 14 | J81: PG-ESW | K81: East Sepik | L81: 1403 | M81: PG1403 | N81: MAPRIK | P81: FALSE | Q81: Active | R81: HF | S81: 14 | T81: 15606 | U81: =T81*20% -> 3121.2 | V81: 564 | W81: 453 | X81: =T81*3% -> 468.18 | Y81: =U81-X81 -> 2653.02
A82: 518 | B82: 140504 | C82: Nungwaia SC | D82: Nungwaia SC | E82: 7584 | F82: =IF(C82=D82,"Match","Not Match") -> Match | G82: =IF(E82=T82,"Match","Not Match") -> Match | H82: Momase | I82: 14 | J82: PG-ESW | K82: East Sepik | L82: 1405 | M82: PG1405 | N82: WOSERA GAWI | O82: South Sea Evangelical Church (SSEC) | P82: TRUE | Q82: Active | R82: HF | S82: 14 | T82: 7584 | U82: =T82*20% -> 1516.8 | V82: 274 | W82: 220 | X82: =T82*3% -> 227.52 | Y82: =U82-X82 -> 1289.28
A83: 504 | B83: 140307 | C83: Roma SC | D83: Roma SC | E83: 22021 | F83: =IF(C83=D83,"Match","Not Match") -> Match | G83: =IF(E83=T83,"Match","Not Match") -> Match | H83: Momase | I83: 14 | J83: PG-ESW | K83: East Sepik | L83: 1403 | M83: PG1403 | N83: MAPRIK | P83: FALSE | Q83: Active | R83: HF | S83: 14 | T83: 22021 | U83: =T83*20% -> 4404.2 | V83: 795 | W83: 639 | X83: =T83*3% -> 660.63 | Y83: =U83-X83 -> 3743.57
A84: 522 | B84: 140602 | C84: Sassoya SC | D84: Sassoya SC | E84: 15081 | F84: =IF(C84=D84,"Match","Not Match") -> Match | G84: =IF(E84=T84,"Match","Not Match") -> Match | H84: Momase | I84: 14 | J84: PG-ESW | K84: East Sepik | L84: 1406 | M84: PG1406 | N84: YANGORU SAUSSIA | O84: Catholic | P84: TRUE | Q84: Active | R84: HF | S84: 14 | T84: 15081 | U84: =T84*20% -> 3016.2 | V84: 545 | W84: 437 | X84: =T84*3% -> 452.43 | Y84: =U84-X84 -> 2563.77
A85: 487 | B85: 140109 | C85: SDA MCH UC | D85: SDA MCH UC | E85: 14110 | F85: =IF(C85=D85,"Match","Not Match") -> Match | G85: =IF(E85=T85,"Match","Not Match") -> Match | H85: Momase | I85: 14 | J85: PG-ESW | K85: East Sepik | L85: 1401 | M85: PG1401 | N85: AMBUNTI/DREKIKIR | O85: Seventh-Day Adventist | P85: TRUE | Q85: Active | R85: HF | S85: 14 | T85: 14110 | U85: =T85*20% -> 2822 | V85: 510 | W85: 409 | X85: =T85*3% -> 423.3 | Y85: =U85-X85 -> 2398.7
A86: 11363 | B86: 140412 | C86: Taul CHP | D86: Taul CHP | E86: 13355 | F86: =IF(C86=D86,"Match","Not Match") -> Match | G86: =IF(E86=T86,"Match","Not Match") -> Match | H86: Momase | I86: 14 | J86: PG-ESW | K86: East Sepik | L86: 1404 | M86: PG1404 | N86: WEWAK | P86: FALSE | Q86: Active | R86: HF | S86: 14 | T86: 13355 | U86: =T86*20% -> 2671 | V86: 482 | W86: 387 | X86: =T86*3% -> 400.65 | Y86: =U86-X86 -> 2270.35
A87: 496 | B87: 140208 | C87: Timbunke HC | D87: Timbunke HC | E87: 34570 | F87: =IF(C87=D87,"Match","Not Match") -> Match | G87: =IF(E87=T87,"Match","Not Match") -> Match | H87: Momase | I87: 14 | J87: PG-ESW | K87: East Sepik | L87: 1402 | M87: PG1402 | N87: ANGORAM | O87: Catholic | P87: TRUE | Q87: Active | R87: HF | S87: 14 | T87: 34570 | U87: =T87*20% -> 6914 | V87: 1248 | W87: 1003 | X87: =T87*3% -> 1037.1 | Y87: =U87-X87 -> 5876.9
A88: 519 | B88: 140505 | C88: Torembi SC | D88: Torembi SC | E88: 15627 | F88: =IF(C88=D88,"Match","Not Match") -> Match | G88: =IF(E88=T88,"Match","Not Match") -> Match | H88: Momase | I88: 14 | J88: PG-ESW | K88: East Sepik | L88: 1405 | M88: PG1405 | N88: WOSERA GAWI | O88: Catholic | P88: TRUE | Q88: Active | R88: HF | S88: 14 | T88: 15627 | U88: =T88*20% -> 3125.4 | V88: 564 | W88: 453 | X88: =T88*3% -> 468.81 | Y88: =U88-X88 -> 2656.59
A89: 514 | B89: 140409 | C89: Tumarau SC | D89: Tumarau SC | E89: 9531 | F89: =IF(C89=D89,"Match","Not Match") -> Match | G89: =IF(E89=T89,"Match","Not Match") -> Match | H89: Momase | I89: 14 | J89: PG-ESW | K89: East Sepik | L89: 1404 | M89: PG1404 | N89: WEWAK | P89: FALSE | Q89: Active | R89: HF | S89: 14 | T89: 9531 | U89: =T89*20% -> 1906.2 | V89: 344 | W89: 276 | X89: =T89*3% -> 285.93 | Y89: =U89-X89 -> 1620.27
A90: 502 | B90: 140305 | C90: Ulupu SC | D90: Ulupu SC | E90: 21423 | F90: =IF(C90=D90,"Match","Not Match") -> Match | G90: =IF(E90=T90,"Match","Not Match") -> Match | H90: Momase | I90: 14 | J90: PG-ESW | K90: East Sepik | L90: 1403 | M90: PG1403 | N90: MAPRIK | O90: Catholic | P90: TRUE | Q90: Active | R90: HF | S90: 14 | T90: 21423 | U90: =T90*20% -> 4284.6 | V90: 774 | W90: 621 | X90: =T90*3% -> 642.69 | Y90: =U90-X90 -> 3641.91
A91: 511 | B91: 140406 | C91: Wewak MCH UC | D91: Wewak MCH UC | E91: 16019 | F91: =IF(C91=D91,"Match","Not Match") -> Match | G91: =IF(E91=T91,"Match","Not Match") -> Match | H91: Momase | I91: 14 | J91: PG-ESW | K91: East Sepik | L91: 1404 | M91: PG1404 | N91: WEWAK | P91: FALSE | Q91: Active | R91: HF | S91: 14 | T91: 16019 | U91: =T91*20% -> 3203.8 | V91: 578 | W91: 465 | X91: =T91*3% -> 480.57 | Y91: =U91-X91 -> 2723.23
A92: 509 | B92: 140404 | C92: Wewak Town UC | D92: Wewak Town UC | E92: 17881 | F92: =IF(C92=D92,"Match","Not Match") -> Match | G92: =IF(E92=T92,"Match","Not Match") -> Match | H92: Momase | I92: 14 | J92: PG-ESW | K92: East Sepik | L92: 1404 | M92: PG1404 | N92: WEWAK | P92: FALSE | Q92: Active | R92: HF | S92: 14 | T92: 17881 | U92: =T92*20% -> 3576.2 | V92: 646 | W92: 519 | X92: =T92*3% -> 536.43 | Y92: =U92-X92 -> 3039.77
A93: 510 | B93: 140405 | C93: Wirui UC | D93: Wirui UC | E93: 8872 | F93: =IF(C93=D93,"Match","Not Match") -> Match | G93: =IF(E93=T93,"Match","Not Match") -> Match | H93: Momase | I93: 14 | J93: PG-ESW | K93: East Sepik | L93: 1404 | M93: PG1404 | N93: WEWAK | O93: Catholic | P93: TRUE | Q93: Active | R93: HF | S93: 14 | T93: 8872 | U93: =T93*20% -> 1774.4 | V93: 320 | W93: 257 | X93: =T93*3% -> 266.16 | Y93: =U93-X93 -> 1508.24
A94: 520 | B94: 140506 | C94: Wombisa HC | D94: Wombisa HC | E94: 21711 | F94: =IF(C94=D94,"Match","Not Match") -> Match | G94: =IF(E94=T94,"Match","Not Match") -> Match | H94: Momase | I94: 14 | J94: PG-ESW | K94: East Sepik | L94: 1405 | M94: PG1405 | N94: WOSERA GAWI | P94: FALSE | Q94: Active | R94: HF | S94: 14 | T94: 21711 | U94: =T94*20% -> 4342.2 | V94: 784 | W94: 630 | X94: =T94*3% -> 651.33 | Y94: =U94-X94 -> 3690.87
A95: 485 | B95: 140107 | C95: Yagrumbok SC | D95: Yagrumbok SC | E95: 6072 | F95: =IF(C95=D95,"Match","Not Match") -> Match | G95: =IF(E95=T95,"Match","Not Match") -> Match | H95: Momase | I95: 14 | J95: PG-ESW | K95: East Sepik | L95: 1401 | M95: PG1401 | N95: AMBUNTI/DREKIKIR | O95: South Sea Evangelical Church (SSEC) | P95: TRUE | Q95: Active | R95: HF | S95: 14 | T95: 6072 | U95: =T95*20% -> 1214.4 | V95: 219 | W95: 176 | X95: =T95*3% -> 182.16 | Y95: =U95-X95 -> 1032.24
A96: 523 | B96: 140603 | C96: Yangoru HC | D96: Yangoru HC | E96: 38480 | F96: =IF(C96=D96,"Match","Not Match") -> Match | G96: =IF(E96=T96,"Match","Not Match") -> Match | H96: Momase | I96: 14 | J96: PG-ESW | K96: East Sepik | L96: 1406 | M96: PG1406 | N96: YANGORU SAUSSIA | P96: FALSE | Q96: Active | R96: HF | S96: 14 | T96: 38480 | U96: =T96*20% -> 7696 | V96: 1390 | W96: 1116 | X96: =T96*3% -> 1154.4 | Y96: =U96-X96 -> 6541.6
A97: 562 | B97: 160101 | C97: Bundralis HC | D97: Bundralis HC | E97: 5499 | F97: =IF(C97=D97,"Match","Not Match") -> Match | G97: =IF(E97=T97,"Match","Not Match") -> Match | H97: Islands | I97: 16 | J97: PG-MRL | K97: Manus | L97: 1601 | M97: PG1601 | N97: MANUS | O97: Catholic | P97: TRUE | Q97: Active | R97: HF | S97: 16 | T97: 5499 | U97: =T97*20% -> 1099.8 | V97: 123 | W97: 113 | X97: =T97*3% -> 164.97 | Y97: =U97-X97 -> 934.83
A98: 563 | B98: 160102 | C98: Lako HC | D98: Lako HC | E98: 4310 | F98: =IF(C98=D98,"Match","Not Match") -> Match | G98: =IF(E98=T98,"Match","Not Match") -> Match | H98: Islands | I98: 16 | J98: PG-MRL | K98: Manus | L98: 1601 | M98: PG1601 | N98: MANUS | P98: FALSE | Q98: Active | R98: HF | S98: 16 | T98: 4310 | U98: =T98*20% -> 862 | V98: 234 | W98: 214 | X98: =T98*3% -> 129.3 | Y98: =U98-X98 -> 732.7
A99: 564 | B99: 160103 | C99: Lessau HC | D99: Lessau HC | E99: 7829 | F99: =IF(C99=D99,"Match","Not Match") -> Match | G99: =IF(E99=T99,"Match","Not Match") -> Match | H99: Islands | I99: 16 | J99: PG-MRL | K99: Manus | L99: 1601 | M99: PG1601 | N99: MANUS | O99: Evangelical Church of Manus (ECOM) | P99: TRUE | Q99: Active | R99: HF | S99: 16 | T99: 7829 | U99: =T99*20% -> 1565.8 | V99: 624 | W99: 570 | X99: =T99*3% -> 234.87 | Y99: =U99-X99 -> 1330.93
A100: 565 | B100: 160104 | C100: Lombrum HC | D100: Lombrum HC | E100: 4285 | F100: =IF(C100=D100,"Match","Not Match") -> Match | G100: =IF(E100=T100,"Match","Not Match") -> Match | H100: Islands | I100: 16 | J100: PG-MRL | K100: Manus | L100: 1601 | M100: PG1601 | N100: MANUS | P100: FALSE | Q100: Active | R100: HF | S100: 16 | T100: 4285 | U100: =T100*20% -> 857 | V100: 350 | W100: 275 | X100: =T100*3% -> 128.55 | Y100: =U100-X100 -> 728.45
...

Sheet old_targets
A1: id | B1: hf_code | C1: hf_name | D1: Region | E1: province_code | F1: province_iso_code | G1: province | H1: district_code | I1: district_iso_code | J1: district | K1: churchtype | L1: is_church | M1: status | N1: hf_type | O1: province_id | P1: total_pop | Q1: pop_15_44_yrs | R1: pop_less_then_1_yr | S1: estimated_births | T1: preg_target | U1: non_preg_target
A2: 785 | B2: 40104 | C2: 6 Mile UC | D2: Southern | E2: 4 | F2: {=INDEX(Sheet1!$F$2:$F$876,MATCH($E2,Sheet1!$E$2:$E$7876,0))} -> PG-NCD | G2: National Capital District | H2: 401 | I2: {=INDEX(Sheet1!$I$2:$I$876,MATCH(TRIM($H2),TRIM(Sheet1!$H$2:$H$880),0))} -> 0 | J2: MORESBY NORTH EAST | L2: FALSE | M2: Active | N2: HF | O2: 4 | P2: 16119 | Q2: =P2*20% -> 3223.8 | R2: 609 | S2: 467 | T2: =P2*3% -> 483.57 | U2: =Q2-T2 -> 2740.23
A3: 786 | B3: 40105 | C3: 9 Mile UC | D3: Southern | E3: 4 | F3: {=INDEX(Sheet1!$F$2:$F$876,MATCH($E3,Sheet1!$E$2:$E$7876,0))} -> PG-NCD | G3: National Capital District | H3: 401 | I3: {=INDEX(Sheet1!$I$2:$I$876,MATCH(TRIM($H3),TRIM(Sheet1!$H$2:$H$880),0))} -> 0 | J3: MORESBY NORTH EAST | K3: Hope World Wide (PNG) | L3: TRUE | M3: Active | N3: HF | O3: 4 | P3: 11601 | Q3: =P3*20% -> 2320.2 | R3: 438 | S3: 336 | T3: =P3*3% -> 348.03 | U3: =Q3-T3 -> 1972.17
A4: 12 | B4: 10112 | C4: Adiba SC | D4: Southern | E4: 1 | F4: {=INDEX(Sheet1!$F$2:$F$876,MATCH($E4,Sheet1!$E$2:$E$7876,0))} -> PG-WHM | G4: Western | H4: 101 | I4: {=INDEX(Sheet1!$I$2:$I$876,MATCH(TRIM($H4),TRIM(Sheet1!$H$2:$H$880),0))} -> PG0101 | J4: MIDDLE FLY | K4: Evangelical Church of PNG (ECPNG) | L4: TRUE | M4: Active | N4: HF | O4: 1 | P4: 11914 | Q4: =P4*20% -> 2382.8 | R4: 450 | S4: 346 | T4: =P4*3% -> 357.42 | U4: =Q4-T4 -> 2025.38
A5: 166 | B5: 60101 | C5: Afore HC | D5: Southern | E5: 6 | F5: {=INDEX(Sheet1!$F$2:$F$876,MATCH($E5,Sheet1!$E$2:$E$7876,0))} -> PG-NPP | G5: Northern | H5: 601 | I5: {=INDEX(Sheet1!$I$2:$I$876,MATCH(TRIM($H5),TRIM(Sheet1!$H$2:$H$880),0))} -> PG0601 | J5: IJIVITARI | L5: FALSE | M5: Active | N5: HF | O5: 6 | P5: 4942 | Q5: =P5*20% -> 988.4 | R5: 187 | S5: 143 | T5: =P5*3% -> 148.26 | U5: =Q5-T5 -> 840.14
A6: 125 | B6: 50101 | C6: Agaun SC | D6: Southern | E6: 5 | F6: {=INDEX(Sheet1!$F$2:$F$876,MATCH($E6,Sheet1!$E$2:$E$7876,0))} -> PG-MBA | G6: Milne Bay | H6: 501 | I6: {=INDEX(Sheet1!$I$2:$I$876,MATCH(TRIM($H6),TRIM(Sheet1!$H$2:$H$880),0))} -> PG0501 | J6: ALOTAU | K6: Anglican | L6: TRUE | M6: Active | N6: HF | O6: 5 | P6: 10465 | Q6: =P6*20% -> 2093 | R6: 395 | S6: 303 | T6: =P6*3% -> 313.95 | U6: =Q6-T6 -> 1779.05
A7: 78 | B7: 30301 | C7: Agevairu SC | D7: Southern | E7: 3 | F7: {=INDEX(Sheet1!$F$2:$F$876,MATCH($E7,Sheet1!$E$2:$E$7876,0))} -> PG-CPM | G7: Central | H7: 303 | I7: {=INDEX(Sheet1!$I$2:$I$876,MATCH(TRIM($H7),TRIM(Sheet1!$H$2:$H$880),0))} -> PG0303 | J7: KAIRUKU/HIRI | L7: FALSE | M7: Active | N7: HF | O7: 3 | P7: 7136 | Q7: =P7*20% -> 1427.2 | R7: 269 | S7: 207 | T7: =P7*3% -> 214.08 | U7: =Q7-T7 -> 1213.12
A8: 449 | B8: 130301 | C8: Aiome HC | D8: Momase | E8: 13 | F8: {=INDEX(Sheet1!$F$2:$F$876,MATCH($E8,Sheet1!$E$2:$E$7876,0))} -> PG-MPM | G8: Madang | H8: 1303 | I8: {=INDEX(Sheet1!$I$2:$I$876,MATCH(TRIM($H8),TRIM(Sheet1!$H$2:$H$880),0))} -> PG1303 | J8: MIDDLE RAMU | L8: FALSE | M8: Active | N8: HF | O8: 13 | P8: 5357 | Q8: =P8*20% -> 1071.4 | R8: 202 | S8: 155 | T8: =P8*3% -> 160.71 | U8: =Q8-T8 -> 910.69
A9: 525 | B9: 150101 | C9: Aitape/Raihu SC | D9: Momase | E9: 15 | F9: {=INDEX(Sheet1!$F$2:$F$876,MATCH($E9,Sheet1!$E$2:$E$7876,0))} -> PG-SAN | G9: West Sepik | H9: 1501 | I9: {=INDEX(Sheet1!$I$2:$I$876,MATCH(TRIM($H9),TRIM(Sheet1!$H$2:$H$880),0))} -> PG1501 | J9: AITAPE/LUMI | K9: Catholic | L9: TRUE | M9: Active | N9: HO | O9: 15 | P9: 15375 | Q9: =P9*20% -> 3075 | R9: 581 | S9: 446 | T9: =P9*3% -> 461.25 | U9: =Q9-T9 -> 2613.75
A10: 860 | B10: 70719 | C10: Aiyo CHP | D10: Highlands | E10: 7 | F10: {=INDEX(Sheet1!$F$2:$F$876,MATCH($E10,Sheet1!$E$2:$E$7876,0))} -> PG-SHM | G10: Southern Highlands | H10: 707 | I10: {=INDEX(Sheet1!$I$2:$I$876,MATCH(TRIM($H10),TRIM(Sheet1!$H$2:$H$880),0))} -> PG0707 | J10: NIPA/KUTUBU | L10: FALSE | M10: Active | N10: HF | O10: 7 | P10: 6333 | Q10: =P10*20% -> 1266.6 | R10: 239 | S10: 184 | T10: =P10*3% -> 189.99 | U10: =Q10-T10 -> 1076.61
A11: 244 | B11: 80208 | C11: Aiyokos SC | D11: Highlands | E11: 8 | F11: {=INDEX(Sheet1!$F$2:$F$876,MATCH($E11,Sheet1!$E$2:$E$7876,0))} -> PG-EPW | G11: Enga | H11: 802 | I11: {=INDEX(Sheet1!$I$2:$I$876,MATCH(TRIM($H11),TRIM(Sheet1!$H$2:$H$880),0))} -> PG0802 | J11: KOMPIAM | K11: Baptist | L11: TRUE | M11: Active | N11: HF | O11: 8 | P11: 6246 | Q11: =P11*20% -> 1249.2 | R11: 236 | S11: 181 | T11: =P11*3% -> 187.38 | U11: =Q11-T11 -> 1061.82
A12: 641 | B12: 190101 | C12: Aka HC | D12: Islands | E12: 19 | F12: {=INDEX(Sheet1!$F$2:$F$876,MATCH($E12,Sheet1!$E$2:$E$7876,0))} -> PG-WBK | G12: West New Britain | H12: 1901 | I12: {=INDEX(Sheet1!$I$2:$I$876,MATCH(TRIM($H12),TRIM(Sheet1!$H$2:$H$880),0))} -> PG1901 | J12: KANDRIAN/GLOUCESTER | L12: FALSE | M12: Active | N12: HF | O12: 19 | P12: 3130 | Q12: =P12*20% -> 626 | R12: 118 | S12: 91 | T12: =P12*3% -> 93.9 | U12: =Q12-T12 -> 532.1
A13: 167 | B13: 60102 | C13: Ako SC | D13: Southern | E13: 6 | F13: {=INDEX(Sheet1!$F$2:$F$876,MATCH($E13,Sheet1!$E$2:$E$7876,0))} -> PG-NPP | G13: Northern | H13: 601 | I13: {=INDEX(Sheet1!$I$2:$I$876,MATCH(TRIM($H13),TRIM(Sheet1!$H$2:$H$880),0))} -> PG0601 | J13: IJIVITARI | L13: FALSE | M13: Active | N13: HF | O13: 6 | P13: 5342 | Q13: =P13*20% -> 1068.4 | R13: 202 | S13: 155 | T13: =P13*3% -> 160.26 | U13: =Q13-T13 -> 908.14
A14: 845 | B14: 190116 | C14: Akonga CHP | D14: Islands | E14: 19 | F14: {=INDEX(Sheet1!$F$2:$F$876,MATCH($E14,Sheet1!$E$2:$E$7876,0))} -> PG-WBK | G14: West New Britain | H14: 1901 | I14: {=INDEX(Sheet1!$I$2:$I$876,MATCH(TRIM($H14),TRIM(Sheet1!$H$2:$H$880),0))} -> PG1901 | J14: KANDRIAN/GLOUCESTER | L14: FALSE | M14: Active | N14: HF | O14: 19 | P14: 2799 | Q14: =P14*20% -> 559.8 | R14: 106 | S14: 81 | T14: =P14*3% -> 83.97 | U14: =Q14-T14 -> 475.83
A15: 79 | B15: 30302 | C15: Akufa SC | D15: Southern | E15: 3 | F15: {=INDEX(Sheet1!$F$2:$F$876,MATCH($E15,Sheet1!$E$2:$E$7876,0))} -> PG-CPM | G15: Central | H15: 303 | I15: {=INDEX(Sheet1!$I$2:$I$876,MATCH(TRIM($H15),TRIM(Sheet1!$H$2:$H$880),0))} -> PG0303 | J15: KAIRUKU/HIRI | K15: Catholic | L15: TRUE | M15: Active | N15: HF | O15: 3 | P15: 4482 | Q15: =P15*20% -> 896.4 | R15: 169 | S15: 130 | T15: =P15*3% -> 134.46 | U15: =Q15-T15 -> 761.94
A16: 503 | B16: 140306 | C16: Albinama SC | D16: Momase | E16: 14 | F16: {=INDEX(Sheet1!$F$2:$F$876,MATCH($E16,Sheet1!$E$2:$E$7876,0))} -> PG-ESW | G16: East Sepik | H16: 1403 | I16: {=INDEX(Sheet1!$I$2:$I$876,MATCH(TRIM($H16),TRIM(Sheet1!$H$2:$H$880),0))} -> PG1403 | J16: MAPRIK | K16: South Sea Evangelical Church (SSEC) | L16: TRUE | M16: Active | N16: HF | O16: 14 | P16: 8797 | Q16: =P16*20% -> 1759.4 | R16: 332 | S16: 255 | T16: =P16*3% -> 263.91 | U16: =Q16-T16 -> 1495.49
A17: 440 | B17: 130201 | C17: Alexishaven HC | D17: Momase | E17: 13 | F17: {=INDEX(Sheet1!$F$2:$F$876,MATCH($E17,Sheet1!$E$2:$E$7876,0))} -> PG-MPM | G17: Madang | H17: 1302 | I17: {=INDEX(Sheet1!$I$2:$I$876,MATCH(TRIM($H17),TRIM(Sheet1!$H$2:$H$880),0))} -> PG1302 | J17: MADANG | K17: Catholic | L17: TRUE | M17: Active | N17: HF | O17: 13 | P17: 815 | Q17: =P17*20% -> 163 | R17: 31 | S17: 24 | T17: =P17*3% -> 24.45 | U17: =Q17-T17 -> 138.55
A18: 299 | B18: 90703 | C18: Alkena SC | D18: Highlands | E18: 9 | F18: {=INDEX(Sheet1!$F$2:$F$876,MATCH($E18,Sheet1!$E$2:$E$7876,0))} -> PG-WPD | G18: Western Highlands | H18: 907 | I18: {=INDEX(Sheet1!$I$2:$I$876,MATCH(TRIM($H18),TRIM(Sheet1!$H$2:$H$880),0))} -> PG0907 | J18: TAMBUL/NEBILYER | L18: FALSE | M18: Active | N18: HF | O18: 9 | P18: 402 | Q18: =P18*20% -> 80.4 | R18: 15 | S18: 12 | T18: =P18*3% -> 12.06 | U18: =Q18-T18 -> 68.34
A19: 126 | B19: 50102 | C19: Alotau HO | D19: Southern | E19: 5 | F19: {=INDEX(Sheet1!$F$2:$F$876,MATCH($E19,Sheet1!$E$2:$E$7876,0))} -> PG-MBA | G19: Milne Bay | H19: 501 | I19: {=INDEX(Sheet1!$I$2:$I$876,MATCH(TRIM($H19),TRIM(Sheet1!$H$2:$H$880),0))} -> PG0501 | J19: ALOTAU | L19: FALSE | M19: Active | N19: HO | O19: 5 | P19: 5079 | Q19: =P19*20% -> 1015.8 | R19: 192 | S19: 147 | T19: =P19*3% -> 152.37 | U19: =Q19-T19 -> 863.43
A20: 127 | B20: 50103 | C20: Alotau UC | D20: Southern | E20: 5 | F20: {=INDEX(Sheet1!$F$2:$F$876,MATCH($E20,Sheet1!$E$2:$E$7876,0))} -> PG-MBA | G20: Milne Bay | H20: 501 | I20: {=INDEX(Sheet1!$I$2:$I$876,MATCH(TRIM($H20),TRIM(Sheet1!$H$2:$H$880),0))} -> PG0501 | J20: ALOTAU | L20: FALSE | M20: Active | N20: HF | O20: 5 | P20: 8189 | Q20: =P20*20% -> 1637.8 | R20: 309 | S20: 237 | T20: =P20*3% -> 245.67 | U20: =Q20-T20 -> 1392.13
A21: 872 | B21: 210517 | C21: Aluni CHP | D21: Highlands | E21: 21 | F21: {=INDEX(Sheet1!$F$2:$F$876,MATCH($E21,Sheet1!$E$2:$E$7876,0))} -> PG-HLA* | G21: Hela | H21: 2105 | I21: {=INDEX(Sheet1!$I$2:$I$876,MATCH(TRIM($H21),TRIM(Sheet1!$H$2:$H$880),0))} -> PG2105 | J21: KOROBA/KOPIAGO | K21: Christian Apostolic Fellowship (CAF) | L21: TRUE | M21: Active | N21: HF | O21: 21 | P21: 17652 | Q21: =P21*20% -> 3530.4 | R21: 667 | S21: 512 | T21: =P21*3% -> 529.56 | U21: =Q21-T21 -> 3000.84
A22: 550 | B22: 150401 | C22: Amanab HC | D22: Momase | E22: 15 | F22: {=INDEX(Sheet1!$F$2:$F$876,MATCH($E22,Sheet1!$E$2:$E$7876,0))} -> PG-SAN | G22: West Sepik | H22: 1504 | I22: {=INDEX(Sheet1!$I$2:$I$876,MATCH(TRIM($H22),TRIM(Sheet1!$H$2:$H$880),0))} -> PG1504 | J22: VANIMO/GREEN RIVER | L22: FALSE | M22: Active | N22: HF | O22: 15 | P22: 20333 | Q22: =P22*20% -> 4066.6 | R22: 768 | S22: 590 | T22: =P22*3% -> 609.99 | U22: =Q22-T22 -> 3456.61
A23: 168 | B23: 60103 | C23: Ambasi SC | D23: Southern | E23: 6 | F23: {=INDEX(Sheet1!$F$2:$F$876,MATCH($E23,Sheet1!$E$2:$E$7876,0))} -> PG-NPP | G23: Northern | H23: 601 | I23: {=INDEX(Sheet1!$I$2:$I$876,MATCH(TRIM($H23),TRIM(Sheet1!$H$2:$H$880),0))} -> PG0601 | J23: IJIVITARI | L23: FALSE | M23: Active | N23: HF | O23: 6 | P23: 2116 | Q23: =P23*20% -> 423.2 | R23: 80 | S23: 61 | T23: =P23*3% -> 63.48 | U23: =Q23-T23 -> 359.72
A24: 489 | B24: 140201 | C24: Amboin SC | D24: Momase | E24: 14 | F24: {=INDEX(Sheet1!$F$2:$F$876,MATCH($E24,Sheet1!$E$2:$E$7876,0))} -> PG-ESW | G24: East Sepik | H24: 1402 | I24: {=INDEX(Sheet1!$I$2:$I$876,MATCH(TRIM($H24),TRIM(Sheet1!$H$2:$H$880),0))} -> PG1402 | J24: ANGORAM | L24: FALSE | M24: Active | N24: HF | O24: 14 | P24: 9664 | Q24: =P24*20% -> 1932.8 | R24: 365 | S24: 280 | T24: =P24*3% -> 289.92 | U24: =Q24-T24 -> 1642.88
A25: 752 | B25: 220408 | C25: Ambullua SC | D25: Highlands | E25: 22 | F25: {=INDEX(Sheet1!$F$2:$F$876,MATCH($E25,Sheet1!$E$2:$E$7876,0))} -> PG-JWK* | G25: Jiwaka | H25: 2204 | I25: {=INDEX(Sheet1!$I$2:$I$876,MATCH(TRIM($H25),TRIM(Sheet1!$H$2:$H$880),0))} -> PG2204 | J25: JIMI | K25: Catholic | L25: TRUE | M25: Active | N25: HF | O25: 22 | P25: 15896 | Q25: =P25*20% -> 3179.2 | R25: 600 | S25: 461 | T25: =P25*3% -> 476.88 | U25: =Q25-T25 -> 2702.32
A26: 480 | B26: 140101 | C26: Ambunti HC | D26: Momase | E26: 14 | F26: {=INDEX(Sheet1!$F$2:$F$876,MATCH($E26,Sheet1!$E$2:$E$7876,0))} -> PG-ESW | G26: East Sepik | H26: 1401 | I26: {=INDEX(Sheet1!$I$2:$I$876,MATCH(TRIM($H26),TRIM(Sheet1!$H$2:$H$880),0))} -> PG1401 | J26: AMBUNTI/DREKIKIR | L26: FALSE | M26: Active | N26: HF | O26: 14 | P26: 9055 | Q26: =P26*20% -> 1811 | R26: 342 | S26: 263 | T26: =P26*3% -> 271.65 | U26: =Q26-T26 -> 1539.35
A27: 642 | B27: 190102 | C27: Amio SC | D27: Islands | E27: 19 | F27: {=INDEX(Sheet1!$F$2:$F$876,MATCH($E27,Sheet1!$E$2:$E$7876,0))} -> PG-WBK | G27: West New Britain | H27: 1901 | I27: {=INDEX(Sheet1!$I$2:$I$876,MATCH(TRIM($H27),TRIM(Sheet1!$H$2:$H$880),0))} -> PG1901 | J27: KANDRIAN/GLOUCESTER | L27: FALSE | M27: Active | N27: HF | O27: 19 | P27: 33248 | Q27: =P27*20% -> 6649.6 | R27: 1255 | S27: 964 | T27: =P27*3% -> 997.44 | U27: =Q27-T27 -> 5652.16
A28: 361 | B28: 110601 | C28: Andakombi SC | D28: Highlands | E28: 11 | F28: {=INDEX(Sheet1!$F$2:$F$876,MATCH($E28,Sheet1!$E$2:$E$7876,0))} -> PG-EHG | G28: Eastern Highlands | H28: 1106 | I28: {=INDEX(Sheet1!$I$2:$I$876,MATCH(TRIM($H28),TRIM(Sheet1!$H$2:$H$880),0))} -> PG1106 | J28: OBURA/WONENARA | L28: FALSE | M28: Active | N28: HF | O28: 11 | P28: 19014 | Q28: =P28*20% -> 3802.8 | R28: 718 | S28: 551 | T28: =P28*3% -> 570.42 | U28: =Q28-T28 -> 3232.38
A29: 243 | B29: 80207 | C29: Anditale SC | D29: Highlands | E29: 8 | F29: {=INDEX(Sheet1!$F$2:$F$876,MATCH($E29,Sheet1!$E$2:$E$7876,0))} -> PG-EPW | G29: Enga | H29: 802 | I29: {=INDEX(Sheet1!$I$2:$I$876,MATCH(TRIM($H29),TRIM(Sheet1!$H$2:$H$880),0))} -> PG0802 | J29: KOMPIAM | L29: FALSE | M29: Active | N29: HF | O29: 8 | P29: 3935 | Q29: =P29*20% -> 787 | R29: 149 | S29: 114 | T29: =P29*3% -> 118.05 | U29: =Q29-T29 -> 668.95
A30: 402 | B30: 120502 | C30: Angau Hospital | D30: Momase | E30: 12 | F30: {=INDEX(Sheet1!$F$2:$F$876,MATCH($E30,Sheet1!$E$2:$E$7876,0))} -> PG-MPL | G30: Morobe | H30: 1205 | I30: {=INDEX(Sheet1!$I$2:$I$876,MATCH(TRIM($H30),TRIM(Sheet1!$H$2:$H$880),0))} -> PG1205 | J30: LAE | L30: FALSE | M30: Active | N30: HO | O30: 12 | P30: 2065 | Q30: =P30*20% -> 413 | R30: 78 | S30: 60 | T30: =P30*3% -> 61.95 | U30: =Q30-T30 -> 351.05
A31: 824 | B31: 120501 | C31: Angau Hospital UC | D31: Momase | E31: 12 | F31: {=INDEX(Sheet1!$F$2:$F$876,MATCH($E31,Sheet1!$E$2:$E$7876,0))} -> PG-MPL | G31: Morobe | H31: 1205 | I31: {=INDEX(Sheet1!$I$2:$I$876,MATCH(TRIM($H31),TRIM(Sheet1!$H$2:$H$880),0))} -> PG1205 | J31: LAE | L31: FALSE | M31: Inactive | N31: HF | O31: 12 | P31: 27065 | Q31: =P31*20% -> 5413 | R31: 1022 | S31: 785 | T31: =P31*3% -> 811.95 | U31: =Q31-T31 -> 4601.05
A32: 11341 | B32: 40210 | C32: Anglicare Begabari | D32: Southern | E32: 4 | F32: {=INDEX(Sheet1!$F$2:$F$876,MATCH($E32,Sheet1!$E$2:$E$7876,0))} -> PG-NCD | G32: National Capital District | H32: 402 | I32: {=INDEX(Sheet1!$I$2:$I$876,MATCH(TRIM($H32),TRIM(Sheet1!$H$2:$H$880),0))} -> 0 | J32: MORESBY NORTH WEST | K32: Anglican | L32: TRUE | M32: Active | N32: HF | O32: 4 | P32: 9943 | Q32: =P32*20% -> 1988.6 | R32: 375 | S32: 288 | T32: =P32*3% -> 298.29 | U32: =Q32-T32 -> 1690.31
A33: 490 | B33: 140202 | C33: Angoram HC | D33: Momase | E33: 14 | F33: {=INDEX(Sheet1!$F$2:$F$876,MATCH($E33,Sheet1!$E$2:$E$7876,0))} -> PG-ESW | G33: East Sepik | H33: 1402 | I33: {=INDEX(Sheet1!$I$2:$I$876,MATCH(TRIM($H33),TRIM(Sheet1!$H$2:$H$880),0))} -> PG1402 | J33: ANGORAM | L33: FALSE | M33: Active | N33: HF | O33: 14 | P33: 2996 | Q33: =P33*20% -> 599.2 | R33: 113 | S33: 87 | T33: =P33*3% -> 89.88 | U33: =Q33-T33 -> 509.32
A34: 533 | B34: 150201 | C34: Anguganak HC | D34: Momase | E34: 15 | F34: {=INDEX(Sheet1!$F$2:$F$876,MATCH($E34,Sheet1!$E$2:$E$7876,0))} -> PG-SAN | G34: West Sepik | H34: 1502 | I34: {=INDEX(Sheet1!$I$2:$I$876,MATCH(TRIM($H34),TRIM(Sheet1!$H$2:$H$880),0))} -> PG1502 | J34: NUKU | K34: Christian Brethren Church (CBC) | L34: TRUE | M34: Active | N34: HF | O34: 15 | P34: 6461 | Q34: =P34*20% -> 1292.2 | R34: 244 | S34: 187 | T34: =P34*3% -> 193.83 | U34: =Q34-T34 -> 1098.37
A35: 450 | B35: 130302 | C35: Annaberg HC | D35: Momase | E35: 13 | F35: {=INDEX(Sheet1!$F$2:$F$876,MATCH($E35,Sheet1!$E$2:$E$7876,0))} -> PG-MPM | G35: Madang | H35: 1303 | I35: {=INDEX(Sheet1!$I$2:$I$876,MATCH(TRIM($H35),TRIM(Sheet1!$H$2:$H$880),0))} -> PG1303 | J35: MIDDLE RAMU | K35: Catholic | L35: TRUE | M35: Active | N35: HF | O35: 13 | P35: 7935 | Q35: =P35*20% -> 1587 | R35: 300 | S35: 230 | T35: =P35*3% -> 238.05 | U35: =Q35-T35 -> 1348.95
A36: 624 | B36: 180301 | C36: Aona SC | D36: Islands | E36: 18 | F36: {=INDEX(Sheet1!$F$2:$F$876,MATCH($E36,Sheet1!$E$2:$E$7876,0))} -> PG-EBR | G36: East New Britain | H36: 1803 | I36: {=INDEX(Sheet1!$I$2:$I$876,MATCH(TRIM($H36),TRIM(Sheet1!$H$2:$H$880),0))} -> PG1803 | J36: POMIO | K36: Catholic | L36: TRUE | M36: Active | N36: HF | O36: 18 | P36: 14298 | Q36: =P36*20% -> 2859.6 | R36: 540 | S36: 415 | T36: =P36*3% -> 428.94 | U36: =Q36-T36 -> 2430.66
A37: 486 | B37: 140108 | C37: April River SC | D37: Momase | E37: 14 | F37: {=INDEX(Sheet1!$F$2:$F$876,MATCH($E37,Sheet1!$E$2:$E$7876,0))} -> PG-ESW | G37: East Sepik | H37: 1401 | I37: {=INDEX(Sheet1!$I$2:$I$876,MATCH(TRIM($H37),TRIM(Sheet1!$H$2:$H$880),0))} -> PG1401 | J37: AMBUNTI/DREKIKIR | K37: South Sea Evangelical Church (SSEC) | L37: TRUE | M37: Active | N37: HF | O37: 14 | P37: 6577 | Q37: =P37*20% -> 1315.4 | R37: 248 | S37: 191 | T37: =P37*3% -> 197.31 | U37: =Q37-T37 -> 1118.09
A38: 241 | B38: 80205 | C38: Araguli SC | D38: Highlands | E38: 8 | F38: {=INDEX(Sheet1!$F$2:$F$876,MATCH($E38,Sheet1!$E$2:$E$7876,0))} -> PG-EPW | G38: Enga | H38: 802 | I38: {=INDEX(Sheet1!$I$2:$I$876,MATCH(TRIM($H38),TRIM(Sheet1!$H$2:$H$880),0))} -> PG0802 | J38: KOMPIAM | K38: Baptist | L38: TRUE | M38: Active | N38: HF | O38: 8 | P38: 11094 | Q38: =P38*20% -> 2218.8 | R38: 419 | S38: 322 | T38: =P38*3% -> 332.82 | U38: =Q38-T38 -> 1885.98
A39: 673 | B39: 200101 | C39: Arawa DH | D39: Islands | E39: 20 | F39: {=INDEX(Sheet1!$F$2:$F$876,MATCH($E39,Sheet1!$E$2:$E$7876,0))} -> PG-NSB | G39: Autonomous Region of Bougainville | H39: 2001 | I39: {=INDEX(Sheet1!$I$2:$I$876,MATCH(TRIM($H39),TRIM(Sheet1!$H$2:$H$880),0))} -> PG2002 | J39: CENTRAL BOUGAINVILLE | L39: FALSE | M39: Active | N39: HO | O39: 20 | P39: 11735 | Q39: =P39*20% -> 2347 | R39: 443 | S39: 340 | T39: =P39*3% -> 352.05 | U39: =Q39-T39 -> 1994.95
A40: 432 | B40: 130101 | C40: Ariangon SC | D40: Momase | E40: 13 | F40: {=INDEX(Sheet1!$F$2:$F$876,MATCH($E40,Sheet1!$E$2:$E$7876,0))} -> PG-MPM | G40: Madang | H40: 1301 | I40: {=INDEX(Sheet1!$I$2:$I$876,MATCH(TRIM($H40),TRIM(Sheet1!$H$2:$H$880),0))} -> PG1301 | J40: BOGIA | K40: Catholic | L40: TRUE | M40: Active | N40: HF | O40: 13 | P40: 3239 | Q40: =P40*20% -> 647.8 | R40: 122 | S40: 94 | T40: =P40*3% -> 97.17 | U40: =Q40-T40 -> 550.63
A41: 341 | B41: 110101 | C41: Asaro HC | D41: Highlands | E41: 11 | F41: {=INDEX(Sheet1!$F$2:$F$876,MATCH($E41,Sheet1!$E$2:$E$7876,0))} -> PG-EHG | G41: Eastern Highlands | H41: 1101 | I41: {=INDEX(Sheet1!$I$2:$I$876,MATCH(TRIM($H41),TRIM(Sheet1!$H$2:$H$880),0))} -> PG1101 | J41: DAULO | L41: FALSE | M41: Active | N41: HF | O41: 11 | P41: 6736 | Q41: =P41*20% -> 1347.2 | R41: 254 | S41: 195 | T41: =P41*3% -> 202.08 | U41: =Q41-T41 -> 1145.12
A42: 416 | B42: 120701 | C42: Aseki HC | D42: Momase | E42: 12 | F42: {=INDEX(Sheet1!$F$2:$F$876,MATCH($E42,Sheet1!$E$2:$E$7876,0))} -> PG-MPL | G42: Morobe | H42: 1207 | I42: {=INDEX(Sheet1!$I$2:$I$876,MATCH(TRIM($H42),TRIM(Sheet1!$H$2:$H$880),0))} -> PG1207 | J42: MENYAMYA | K42: Lutheran | L42: TRUE | M42: Active | N42: HF | O42: 12 | P42: 4946 | Q42: =P42*20% -> 989.2 | R42: 188 | S42: 143 | T42: =P42*3% -> 148.38 | U42: =Q42-T42 -> 840.82
A43: 809 | B43: 90517 | C43: Atenga CHP | D43: Highlands | E43: 9 | F43: {=INDEX(Sheet1!$F$2:$F$876,MATCH($E43,Sheet1!$E$2:$E$7876,0))} -> PG-WPD | G43: Western Highlands | H43: 905 | I43: {=INDEX(Sheet1!$I$2:$I$876,MATCH(TRIM($H43),TRIM(Sheet1!$H$2:$H$880),0))} -> PG0905 | J43: MUL/BAIYER | L43: FALSE | M43: Active | N43: HF | O43: 9 | P43: 5874 | Q43: =P43*20% -> 1174.8 | R43: 223 | S43: 170 | T43: =P43*3% -> 176.22 | U43: =Q43-T43 -> 998.58
A44: 744 | B44: 220108 | C44: Aviamp SC | D44: Highlands | E44: 22 | F44: {=INDEX(Sheet1!$F$2:$F$876,MATCH($E44,Sheet1!$E$2:$E$7876,0))} -> PG-JWK* | G44: Jiwaka | H44: 2201 | I44: {=INDEX(Sheet1!$I$2:$I$876,MATCH(TRIM($H44),TRIM(Sheet1!$H$2:$H$880),0))} -> 0 | J44: SOUTH WAGHI | K44: Christian Apostolic Fellowship (CAF) | L44: TRUE | M44: Active | N44: HF | O44: 22 | P44: 4015 | Q44: =P44*20% -> 803 | R44: 152 | S44: 116 | T44: =P44*3% -> 120.45 | U44: =Q44-T44 -> 682.55
A45: 1 | B45: 10101 | C45: Awaba SC | D45: Southern | E45: 1 | F45: {=INDEX(Sheet1!$F$2:$F$876,MATCH($E45,Sheet1!$E$2:$E$7876,0))} -> PG-WHM | G45: Western | H45: 101 | I45: {=INDEX(Sheet1!$I$2:$I$876,MATCH(TRIM($H45),TRIM(Sheet1!$H$2:$H$880),0))} -> PG0101 | J45: MIDDLE FLY | K45: Evangelical Church of PNG (ECPNG) | L45: TRUE | M45: Active | N45: HF | O45: 1 | P45: 5279 | Q45: =P45*20% -> 1055.8 | R45: 200 | S45: 153 | T45: =P45*3% -> 158.37 | U45: =Q45-T45 -> 897.43
A46: 587 | B46: 170201 | C46: Babase SC | D46: Islands | E46: 17 | F46: {=INDEX(Sheet1!$F$2:$F$876,MATCH($E46,Sheet1!$E$2:$E$7876,0))} -> PG-NIK | G46: New Ireland | H46: 1702 | I46: {=INDEX(Sheet1!$I$2:$I$876,MATCH(TRIM($H46),TRIM(Sheet1!$H$2:$H$880),0))} -> PG1702 | J46: NAMATANAI | L46: FALSE | M46: Active | N46: HF | O46: 17 | Q46: =P46*20% -> 0 | T46: =P46*3% -> 0 | U46: =Q46-T46 -> 0
A47: 787 | B47: 40301 | C47: Badili UC | D47: Southern | E47: 4 | F47: {=INDEX(Sheet1!$F$2:$F$876,MATCH($E47,Sheet1!$E$2:$E$7876,0))} -> PG-NCD | G47: National Capital District | H47: 403 | I47: {=INDEX(Sheet1!$I$2:$I$876,MATCH(TRIM($H47),TRIM(Sheet1!$H$2:$H$880),0))} -> 0 | J47: MORESBY SOUTH | L47: FALSE | M47: Active | N47: HF | O47: 4 | P47: 13371 | Q47: =P47*20% -> 2674.2 | R47: 507 | S47: 388 | T47: =P47*3% -> 401.13 | U47: =Q47-T47 -> 2273.07
A48: 843 | B48: 190219 | C48: Baea CHP | D48: Islands | E48: 19 | F48: {=INDEX(Sheet1!$F$2:$F$876,MATCH($E48,Sheet1!$E$2:$E$7876,0))} -> PG-WBK | G48: West New Britain | H48: 1902 | I48: {=INDEX(Sheet1!$I$2:$I$876,MATCH(TRIM($H48),TRIM(Sheet1!$H$2:$H$880),0))} -> PG1902 | J48: TALASEA | L48: FALSE | M48: Active | N48: HF | O48: 19 | P48: 43033 | Q48: =P48*20% -> 8606.6 | R48: 1632 | S48: 1248 | T48: =P48*3% -> 1290.99 | U48: =Q48-T48 -> 7315.61
A49: 465 | B49: 130501 | C49: Bagabag SC | D49: Momase | E49: 13 | F49: {=INDEX(Sheet1!$F$2:$F$876,MATCH($E49,Sheet1!$E$2:$E$7876,0))} -> PG-MPM | G49: Madang | H49: 1305 | I49: {=INDEX(Sheet1!$I$2:$I$876,MATCH(TRIM($H49),TRIM(Sheet1!$H$2:$H$880),0))} -> PG1305 | J49: SUMKAR | K49: Lutheran | L49: TRUE | M49: Active | N49: HF | O49: 13 | P49: 24485 | Q49: =P49*20% -> 4897 | R49: 928 | S49: 710 | T49: =P49*3% -> 734.55 | U49: =Q49-T49 -> 4162.45
A50: 225 | B50: 70712 | C50: Baguale SC | D50: Highlands | E50: 7 | F50: {=INDEX(Sheet1!$F$2:$F$876,MATCH($E50,Sheet1!$E$2:$E$7876,0))} -> PG-SHM | G50: Southern Highlands | H50: 707 | I50: {=INDEX(Sheet1!$I$2:$I$876,MATCH(TRIM($H50),TRIM(Sheet1!$H$2:$H$880),0))} -> PG0707 | J50: NIPA/KUTUBU | L50: FALSE | M50: Active | N50: HF | O50: 7 | P50: 6054 | Q50: =P50*20% -> 1210.8 | R50: 230 | S50: 176 | T50: =P50*3% -> 181.62 | U50: =Q50-T50 -> 1029.18
A51: 58 | B51: 20201 | C51: Baimuru HC | D51: Southern | E51: 2 | F51: {=INDEX(Sheet1!$F$2:$F$876,MATCH($E51,Sheet1!$E$2:$E$7876,0))} -> PG-GPK | G51: Gulf | H51: 202 | I51: {=INDEX(Sheet1!$I$2:$I$876,MATCH(TRIM($H51),TRIM(Sheet1!$H$2:$H$880),0))} -> PG0202 | J51: KIKORI | L51: FALSE | M51: Active | N51: HF | O51: 2 | P51: 5724 | Q51: =P51*20% -> 1144.8 | R51: 217 | S51: 166 | T51: =P51*3% -> 171.72 | U51: =Q51-T51 -> 973.08
A52: 782 | B52: 90309 | C52: Baisu UC | D52: Highlands | E52: 9 | F52: {=INDEX(Sheet1!$F$2:$F$876,MATCH($E52,Sheet1!$E$2:$E$7876,0))} -> PG-WPD | G52: Western Highlands | H52: 903 | I52: {=INDEX(Sheet1!$I$2:$I$876,MATCH(TRIM($H52),TRIM(Sheet1!$H$2:$H$880),0))} -> PG0903 | J52: MT HAGEN | L52: FALSE | M52: Active | N52: HF | O52: 9 | P52: 5146 | Q52: =P52*20% -> 1029.2 | R52: 195 | S52: 149 | T52: =P52*3% -> 154.38 | U52: =Q52-T52 -> 874.82
A53: 447 | B53: 130209 | C53: Baitabag SC | D53: Momase | E53: 13 | F53: {=INDEX(Sheet1!$F$2:$F$876,MATCH($E53,Sheet1!$E$2:$E$7876,0))} -> PG-MPM | G53: Madang | H53: 1302 | I53: {=INDEX(Sheet1!$I$2:$I$876,MATCH(TRIM($H53),TRIM(Sheet1!$H$2:$H$880),0))} -> PG1302 | J53: MADANG | K53: Lutheran | L53: TRUE | M53: Active | N53: HF | O53: 13 | P53: 8867 | Q53: =P53*20% -> 1773.4 | R53: 336 | S53: 257 | T53: =P53*3% -> 266.01 | U53: =Q53-T53 -> 1507.39
A54: 80 | B54: 30303 | C54: Bakoiudu SC | D54: Southern | E54: 3 | F54: {=INDEX(Sheet1!$F$2:$F$876,MATCH($E54,Sheet1!$E$2:$E$7876,0))} -> PG-CPM | G54: Central | H54: 303 | I54: {=INDEX(Sheet1!$I$2:$I$876,MATCH(TRIM($H54),TRIM(Sheet1!$H$2:$H$880),0))} -> PG0303 | J54: KAIRUKU/HIRI | K54: Catholic | L54: TRUE | M54: Active | N54: HF | O54: 3 | P54: 2754 | Q54: =P54*20% -> 550.8 | R54: 104 | S54: 80 | T54: =P54*3% -> 82.62 | U54: =Q54-T54 -> 468.18
A55: 11348 | B55: 140411 | C55: Balam CHP | D55: Momase | E55: 14 | F55: {=INDEX(Sheet1!$F$2:$F$876,MATCH($E55,Sheet1!$E$2:$E$7876,0))} -> PG-ESW | G55: East Sepik | H55: 1404 | I55: {=INDEX(Sheet1!$I$2:$I$876,MATCH(TRIM($H55),TRIM(Sheet1!$H$2:$H$880),0))} -> PG1404 | J55: WEWAK | L55: FALSE | M55: Active | N55: HF | O55: 14 | P55: 4350 | Q55: =P55*20% -> 870 | R55: 165 | S55: 126 | T55: =P55*3% -> 130.5 | U55: =Q55-T55 -> 739.5
A56: 780 | B56: 90307 | C56: Balg SC | D56: Highlands | E56: 9 | F56: {=INDEX(Sheet1!$F$2:$F$876,MATCH($E56,Sheet1!$E$2:$E$7876,0))} -> PG-WPD | G56: Western Highlands | H56: 903 | I56: {=INDEX(Sheet1!$I$2:$I$876,MATCH(TRIM($H56),TRIM(Sheet1!$H$2:$H$880),0))} -> PG0903 | J56: MT HAGEN | K56: Holy Spirit Ministry | L56: TRUE | M56: Active | N56: HF | O56: 9 | P56: 5394 | Q56: =P56*20% -> 1078.8 | R56: 205 | S56: 156 | T56: =P56*3% -> 161.82 | U56: =Q56-T56 -> 916.98
A57: 2 | B57: 10102 | C57: Balimo HC | D57: Southern | E57: 1 | F57: {=INDEX(Sheet1!$F$2:$F$876,MATCH($E57,Sheet1!$E$2:$E$7876,0))} -> PG-WHM | G57: Western | H57: 101 | I57: {=INDEX(Sheet1!$I$2:$I$876,MATCH(TRIM($H57),TRIM(Sheet1!$H$2:$H$880),0))} -> PG0101 | J57: MIDDLE FLY | K57: Evangelical Church of PNG (ECPNG) | L57: TRUE | M57: Active | N57: HO | O57: 1 | P57: 24485 | Q57: =P57*20% -> 4897 | R57: 928 | S57: 710 | T57: =P57*3% -> 734.55 | U57: =Q57-T57 -> 4162.45
A58: 864 | B58: 10115 | C58: Balimo UC | D58: Southern | E58: 1 | F58: {=INDEX(Sheet1!$F$2:$F$876,MATCH($E58,Sheet1!$E$2:$E$7876,0))} -> PG-WHM | G58: Western | H58: 101 | I58: {=INDEX(Sheet1!$I$2:$I$876,MATCH(TRIM($H58),TRIM(Sheet1!$H$2:$H$880),0))} -> PG0101 | J58: MIDDLE FLY | L58: FALSE | M58: Active | N58: HF | O58: 1 | P58: 10178 | Q58: =P58*20% -> 2035.6 | R58: 386 | S58: 295 | T58: =P58*3% -> 305.34 | U58: =Q58-T58 -> 1730.26
A59: 11392 | B59: 30107 | C59: Bam CHP | D59: Southern | E59: 3 | F59: {=INDEX(Sheet1!$F$2:$F$876,MATCH($E59,Sheet1!$E$2:$E$7876,0))} -> PG-CPM | G59: Central | H59: 301 | I59: {=INDEX(Sheet1!$I$2:$I$876,MATCH(TRIM($H59),TRIM(Sheet1!$H$2:$H$880),0))} -> PG0301 | J59: ABAU | L59: FALSE | M59: Active | N59: HF | O59: 3 | P59: 14415 | Q59: =P59*20% -> 2883 | R59: 547 | S59: 418 | T59: =P59*3% -> 432.45 | U59: =Q59-T59 -> 2450.55
A60: 826 | B60: 140111 | C60: Bana SC | D60: Momase | E60: 14 | F60: {=INDEX(Sheet1!$F$2:$F$876,MATCH($E60,Sheet1!$E$2:$E$7876,0))} -> PG-ESW | G60: East Sepik | H60: 1401 | I60: {=INDEX(Sheet1!$I$2:$I$876,MATCH(TRIM($H60),TRIM(Sheet1!$H$2:$H$880),0))} -> PG1401 | J60: AMBUNTI/DREKIKIR | K60: Nazarene | L60: TRUE | M60: Active | N60: HF | O60: 14 | P60: 10894 | Q60: =P60*20% -> 2178.8 | R60: 413 | S60: 316 | T60: =P60*3% -> 326.82 | U60: =Q60-T60 -> 1851.98
A61: 759 | B61: 220606 | C61: Banz No. 1 UC | D61: Highlands | E61: 22 | F61: {=INDEX(Sheet1!$F$2:$F$876,MATCH($E61,Sheet1!$E$2:$E$7876,0))} -> PG-JWK* | G61: Jiwaka | H61: 2206 | I61: {=INDEX(Sheet1!$I$2:$I$876,MATCH(TRIM($H61),TRIM(Sheet1!$H$2:$H$880),0))} -> PG2206 | J61: NORTH WAGHI | K61: Lutheran | L61: TRUE | M61: Active | N61: HF | O61: 22 | P61: 7383 | Q61: =P61*20% -> 1476.6 | R61: 280 | S61: 214 | T61: =P61*3% -> 221.49 | U61: =Q61-T61 -> 1255.11
A62: 822 | B62: 220608 | C62: Banz No. 2 UC | D62: Highlands | E62: 22 | F62: {=INDEX(Sheet1!$F$2:$F$876,MATCH($E62,Sheet1!$E$2:$E$7876,0))} -> PG-JWK* | G62: Jiwaka | H62: 2206 | I62: {=INDEX(Sheet1!$I$2:$I$876,MATCH(TRIM($H62),TRIM(Sheet1!$H$2:$H$880),0))} -> PG2206 | J62: NORTH WAGHI | K62: Catholic | L62: TRUE | M62: Active | N62: HF | O62: 22 | P62: 24343 | Q62: =P62*20% -> 4868.6 | R62: 923 | S62: 706 | T62: =P62*3% -> 730.29 | U62: =Q62-T62 -> 4138.31
A63: 362 | B63: 110602 | C63: Barabundora SC | D63: Highlands | E63: 11 | F63: {=INDEX(Sheet1!$F$2:$F$876,MATCH($E63,Sheet1!$E$2:$E$7876,0))} -> PG-EHG | G63: Eastern Highlands | H63: 1106 | I63: {=INDEX(Sheet1!$I$2:$I$876,MATCH(TRIM($H63),TRIM(Sheet1!$H$2:$H$880),0))} -> PG1106 | J63: OBURA/WONENARA | K63: Evangelical Brotherhood Church (EBC) | L63: TRUE | M63: Active | N63: HF | O63: 11 | Q63: =P63*20% -> 0 | T63: =P63*3% -> 0 | U63: =Q63-T63 -> 0
A64: 11351 | B64: 150413 | C64: Baro CHP | D64: Momase | E64: 15 | F64: {=INDEX(Sheet1!$F$2:$F$876,MATCH($E64,Sheet1!$E$2:$E$7876,0))} -> PG-SAN | G64: West Sepik | H64: 1504 | I64: {=INDEX(Sheet1!$I$2:$I$876,MATCH(TRIM($H64),TRIM(Sheet1!$H$2:$H$880),0))} -> PG1504 | J64: VANIMO/GREEN RIVER | L64: FALSE | M64: Active | N64: HF | O64: 15 | P64: 10964 | Q64: =P64*20% -> 2192.8 | R64: 416 | S64: 318 | T64: =P64*3% -> 328.92 | U64: =Q64-T64 -> 1863.88
A65: 141 | B65: 50401 | C65: Basima SC | D65: Southern | E65: 5 | F65: {=INDEX(Sheet1!$F$2:$F$876,MATCH($E65,Sheet1!$E$2:$E$7876,0))} -> PG-MBA | G65: Milne Bay | H65: 504 | I65: {=INDEX(Sheet1!$I$2:$I$876,MATCH(TRIM($H65),TRIM(Sheet1!$H$2:$H$880),0))} -> PG0504 | J65: ESA'ALA | K65: Catholic | L65: TRUE | M65: Active | N65: HF | O65: 5 | P65: 1997 | Q65: =P65*20% -> 399.4 | R65: 64 | S65: 58 | T65: =P65*3% -> 59.91 | U65: =Q65-T65 -> 339.49
A66: 464 | B66: 130408 | C66: Bawak SC | D66: Momase | E66: 13 | F66: {=INDEX(Sheet1!$F$2:$F$876,MATCH($E66,Sheet1!$E$2:$E$7876,0))} -> PG-MPM | G66: Madang | H66: 1304 | I66: {=INDEX(Sheet1!$I$2:$I$876,MATCH(TRIM($H66),TRIM(Sheet1!$H$2:$H$880),0))} -> PG1304 | J66: RAI COAST | L66: FALSE | M66: Active | N66: HF | O66: 13 | P66: 15376 | Q66: =P66*20% -> 3075.2 | R66: 492 | S66: 446 | T66: =P66*3% -> 461.28 | U66: =Q66-T66 -> 2613.92
A67: 472 | B67: 130601 | C67: Begesin SC | D67: Momase | E67: 13 | F67: {=INDEX(Sheet1!$F$2:$F$876,MATCH($E67,Sheet1!$E$2:$E$7876,0))} -> PG-MPM | G67: Madang | H67: 1306 | I67: {=INDEX(Sheet1!$I$2:$I$876,MATCH(TRIM($H67),TRIM(Sheet1!$H$2:$H$880),0))} -> PG1306 | J67: USINO BUNDI | K67: Lutheran | L67: TRUE | M67: Active | N67: HF | O67: 13 | P67: 20332 | Q67: =P67*20% -> 4066.4 | R67: 651 | S67: 590 | T67: =P67*3% -> 609.96 | U67: =Q67-T67 -> 3456.44
A68: 42 | B68: 20101 | C68: Bema SC | D68: Southern | E68: 2 | F68: {=INDEX(Sheet1!$F$2:$F$876,MATCH($E68,Sheet1!$E$2:$E$7876,0))} -> PG-GPK | G68: Gulf | H68: 201 | I68: {=INDEX(Sheet1!$I$2:$I$876,MATCH(TRIM($H68),TRIM(Sheet1!$H$2:$H$880),0))} -> PG0201 | J68: KEREMA | K68: Catholic | L68: TRUE | M68: Active | N68: HF | O68: 2 | P68: 14064 | Q68: =P68*20% -> 2812.8 | R68: 450 | S68: 408 | T68: =P68*3% -> 421.92 | U68: =Q68-T68 -> 2390.88
A69: 707 | B69: 210401 | C69: Benalia SC | D69: Highlands | E69: 21 | F69: {=INDEX(Sheet1!$F$2:$F$876,MATCH($E69,Sheet1!$E$2:$E$7876,0))} -> PG-HLA* | G69: Hela | H69: 2104 | I69: {=INDEX(Sheet1!$I$2:$I$876,MATCH(TRIM($H69),TRIM(Sheet1!$H$2:$H$880),0))} -> PG2104 | J69: KOMO/MARGARIMA | K69: Evangelical Church of PNG (ECPNG) | L69: TRUE | M69: Active | N69: HF | O69: 21 | P69: 3311 | Q69: =P69*20% -> 662.2 | R69: 106 | S69: 96 | T69: =P69*3% -> 99.33 | U69: =Q69-T69 -> 562.87
A70: 81 | B70: 30304 | C70: Bereina HC | D70: Southern | E70: 3 | F70: {=INDEX(Sheet1!$F$2:$F$876,MATCH($E70,Sheet1!$E$2:$E$7876,0))} -> PG-CPM | G70: Central | H70: 303 | I70: {=INDEX(Sheet1!$I$2:$I$876,MATCH(TRIM($H70),TRIM(Sheet1!$H$2:$H$880),0))} -> PG0303 | J70: KAIRUKU/HIRI | L70: FALSE | M70: Active | N70: HF | O70: 3 | P70: 10766 | Q70: =P70*20% -> 2153.2 | R70: 345 | S70: 312 | T70: =P70*3% -> 322.98 | U70: =Q70-T70 -> 1830.22
A71: 551 | B71: 150402 | C71: Bewani HC | D71: Momase | E71: 15 | F71: {=INDEX(Sheet1!$F$2:$F$876,MATCH($E71,Sheet1!$E$2:$E$7876,0))} -> PG-SAN | G71: West Sepik | H71: 1504 | I71: {=INDEX(Sheet1!$I$2:$I$876,MATCH(TRIM($H71),TRIM(Sheet1!$H$2:$H$880),0))} -> PG1504 | J71: VANIMO/GREEN RIVER | L71: FALSE | M71: Active | N71: HF | O71: 15 | P71: 8111 | Q71: =P71*20% -> 1622.2 | R71: 260 | S71: 235 | T71: =P71*3% -> 243.33 | U71: =Q71-T71 -> 1378.87
A72: 656 | B72: 190201 | C72: Bialla HC | D72: Islands | E72: 19 | F72: {=INDEX(Sheet1!$F$2:$F$876,MATCH($E72,Sheet1!$E$2:$E$7876,0))} -> PG-WBK | G72: West New Britain | H72: 1902 | I72: {=INDEX(Sheet1!$I$2:$I$876,MATCH(TRIM($H72),TRIM(Sheet1!$H$2:$H$880),0))} -> PG1902 | J72: TALASEA | L72: FALSE | M72: Active | N72: HF | O72: 19 | P72: 18149 | Q72: =P72*20% -> 3629.8 | R72: 581 | S72: 526 | T72: =P72*3% -> 544.47 | U72: =Q72-T72 -> 3085.33
A73: 433 | B73: 130102 | C73: Bieng SC | D73: Momase | E73: 13 | F73: {=INDEX(Sheet1!$F$2:$F$876,MATCH($E73,Sheet1!$E$2:$E$7876,0))} -> PG-MPM | G73: Madang | H73: 1301 | I73: {=INDEX(Sheet1!$I$2:$I$876,MATCH(TRIM($H73),TRIM(Sheet1!$H$2:$H$880),0))} -> PG1301 | J73: BOGIA | K73: Catholic | L73: TRUE | M73: Active | N73: HF | O73: 13 | P73: 7005 | Q73: =P73*20% -> 1401 | R73: 224 | S73: 203 | T73: =P73*3% -> 210.15 | U73: =Q73-T73 -> 1190.85
A74: 463 | B74: 130407 | C74: Biliau SC | D74: Momase | E74: 13 | F74: {=INDEX(Sheet1!$F$2:$F$876,MATCH($E74,Sheet1!$E$2:$E$7876,0))} -> PG-MPM | G74: Madang | H74: 1304 | I74: {=INDEX(Sheet1!$I$2:$I$876,MATCH(TRIM($H74),TRIM(Sheet1!$H$2:$H$880),0))} -> PG1304 | J74: RAI COAST | K74: Lutheran | L74: TRUE | M74: Active | N74: HF | O74: 13 | P74: 5703 | Q74: =P74*20% -> 1140.6 | R74: 182 | S74: 165 | T74: =P74*3% -> 171.09 | U74: =Q74-T74 -> 969.51
A75: 657 | B75: 190202 | C75: Bitokara HC | D75: Islands | E75: 19 | F75: {=INDEX(Sheet1!$F$2:$F$876,MATCH($E75,Sheet1!$E$2:$E$7876,0))} -> PG-WBK | G75: West New Britain | H75: 1902 | I75: {=INDEX(Sheet1!$I$2:$I$876,MATCH(TRIM($H75),TRIM(Sheet1!$H$2:$H$880),0))} -> PG1902 | J75: TALASEA | K75: Catholic | L75: TRUE | M75: Active | N75: HF | O75: 19 | P75: 3895 | Q75: =P75*20% -> 779 | R75: 125 | S75: 113 | T75: =P75*3% -> 116.85 | U75: =Q75-T75 -> 662.15
A76: 491 | B76: 140203 | C76: Biwat SC | D76: Momase | E76: 14 | F76: {=INDEX(Sheet1!$F$2:$F$876,MATCH($E76,Sheet1!$E$2:$E$7876,0))} -> PG-ESW | G76: East Sepik | H76: 1402 | I76: {=INDEX(Sheet1!$I$2:$I$876,MATCH(TRIM($H76),TRIM(Sheet1!$H$2:$H$880),0))} -> PG1402 | J76: ANGORAM | K76: Catholic | L76: TRUE | M76: Active | N76: HF | O76: 14 | Q76: =P76*20% -> 0 | T76: =P76*3% -> 0 | U76: =Q76-T76 -> 0
A77: 421 | B77: 120801 | C77: Boac SC | D77: Momase | E77: 12 | F77: {=INDEX(Sheet1!$F$2:$F$876,MATCH($E77,Sheet1!$E$2:$E$7876,0))} -> PG-MPL | G77: Morobe | H77: 1208 | I77: {=INDEX(Sheet1!$I$2:$I$876,MATCH(TRIM($H77),TRIM(Sheet1!$H$2:$H$880),0))} -> PG1208 | J77: NAWAE | L77: FALSE | M77: Active | N77: HF | O77: 12 | P77: 10532 | Q77: =P77*20% -> 2106.4 | R77: 337 | S77: 305 | T77: =P77*3% -> 315.96 | U77: =Q77-T77 -> 1790.44
A78: 422 | B78: 120802 | C78: Boana HC | D78: Momase | E78: 12 | F78: {=INDEX(Sheet1!$F$2:$F$876,MATCH($E78,Sheet1!$E$2:$E$7876,0))} -> PG-MPL | G78: Morobe | H78: 1208 | I78: {=INDEX(Sheet1!$I$2:$I$876,MATCH(TRIM($H78),TRIM(Sheet1!$H$2:$H$880),0))} -> PG1208 | J78: NAWAE | L78: FALSE | M78: Active | N78: HF | O78: 12 | P78: 6227 | Q78: =P78*20% -> 1245.4 | R78: 199 | S78: 181 | T78: =P78*3% -> 186.81 | U78: =Q78-T78 -> 1058.59
A79: 3 | B79: 10103 | C79: Boboa Lake Murray HC | D79: Southern | E79: 1 | F79: {=INDEX(Sheet1!$F$2:$F$876,MATCH($E79,Sheet1!$E$2:$E$7876,0))} -> PG-WHM | G79: Western | H79: 101 | I79: {=INDEX(Sheet1!$I$2:$I$876,MATCH(TRIM($H79),TRIM(Sheet1!$H$2:$H$880),0))} -> PG0101 | J79: MIDDLE FLY | L79: FALSE | M79: Active | N79: HF | O79: 1 | P79: 3690 | Q79: =P79*20% -> 738 | R79: 118 | S79: 107 | T79: =P79*3% -> 110.7 | U79: =Q79-T79 -> 627.3
A80: 434 | B80: 130103 | C80: Bogia HC | D80: Momase | E80: 13 | F80: {=INDEX(Sheet1!$F$2:$F$876,MATCH($E80,Sheet1!$E$2:$E$7876,0))} -> PG-MPM | G80: Madang | H80: 1301 | I80: {=INDEX(Sheet1!$I$2:$I$876,MATCH(TRIM($H80),TRIM(Sheet1!$H$2:$H$880),0))} -> PG1301 | J80: BOGIA | L80: FALSE | M80: Active | N80: HF | O80: 13 | P80: 14298 | Q80: =P80*20% -> 2859.6 | R80: 458 | S80: 415 | T80: =P80*3% -> 428.94 | U80: =Q80-T80 -> 2430.66
A81: 326 | B81: 100406 | C81: Bogo SC | D81: Highlands | E81: 10 | F81: {=INDEX(Sheet1!$F$2:$F$876,MATCH($E81,Sheet1!$E$2:$E$7876,0))} -> PG-CPK | G81: Chimbu | H81: 1004 | I81: {=INDEX(Sheet1!$I$2:$I$876,MATCH(TRIM($H81),TRIM(Sheet1!$H$2:$H$880),0))} -> PG1004 | J81: KEROWAGI | K81: Catholic | L81: TRUE | M81: Active | N81: HF | O81: 10 | P81: 1202 | Q81: =P81*20% -> 240.4 | R81: 38 | S81: 35 | T81: =P81*3% -> 36.06 | U81: =Q81-T81 -> 204.34
A82: 705 | B82: 200315 | C82: Boku HC | D82: Islands | E82: 20 | F82: {=INDEX(Sheet1!$F$2:$F$876,MATCH($E82,Sheet1!$E$2:$E$7876,0))} -> PG-NSB | G82: Autonomous Region of Bougainville | H82: 2003 | I82: {=INDEX(Sheet1!$I$2:$I$876,MATCH(TRIM($H82),TRIM(Sheet1!$H$2:$H$880),0))} -> PG2003 | J82: SOUTH BOUGAINVILLE | L82: FALSE | M82: Active | N82: HF | O82: 20 | P82: 1854 | Q82: =P82*20% -> 370.8 | R82: 59 | S82: 54 | T82: =P82*3% -> 55.62 | U82: =Q82-T82 -> 315.18
A83: 97 | B83: 30401 | C83: Boku SC | D83: Southern | E83: 3 | F83: {=INDEX(Sheet1!$F$2:$F$876,MATCH($E83,Sheet1!$E$2:$E$7876,0))} -> PG-CPM | G83: Central | H83: 304 | I83: {=INDEX(Sheet1!$I$2:$I$876,MATCH(TRIM($H83),TRIM(Sheet1!$H$2:$H$880),0))} -> PG0304 | J83: RIGO | L83: FALSE | M83: Active | N83: HF | O83: 3 | P83: 8677 | Q83: =P83*20% -> 1735.4 | R83: 278 | S83: 252 | T83: =P83*3% -> 260.31 | U83: =Q83-T83 -> 1475.09
A84: 604 | B84: 170101 | C84: Bol SC | D84: Islands | E84: 17 | F84: {=INDEX(Sheet1!$F$2:$F$876,MATCH($E84,Sheet1!$E$2:$E$7876,0))} -> PG-NIK | G84: New Ireland | H84: 1701 | I84: {=INDEX(Sheet1!$I$2:$I$876,MATCH(TRIM($H84),TRIM(Sheet1!$H$2:$H$880),0))} -> PG1701 | J84: KAVIENG | L84: FALSE | M84: Active | N84: HF | O84: 17 | P84: 18130 | Q84: =P84*20% -> 3626 | R84: 580 | S84: 526 | T84: =P84*3% -> 543.9 | U84: =Q84-T84 -> 3082.1
A85: 671 | B85: 190216 | C85: Bola SC | D85: Islands | E85: 19 | F85: {=INDEX(Sheet1!$F$2:$F$876,MATCH($E85,Sheet1!$E$2:$E$7876,0))} -> PG-WBK | G85: West New Britain | H85: 1902 | I85: {=INDEX(Sheet1!$I$2:$I$876,MATCH(TRIM($H85),TRIM(Sheet1!$H$2:$H$880),0))} -> PG1902 | J85: TALASEA | L85: FALSE | M85: Active | N85: HF | O85: 19 | P85: 10882 | Q85: =P85*20% -> 2176.4 | R85: 348 | S85: 316 | T85: =P85*3% -> 326.46 | U85: =Q85-T85 -> 1849.94
A86: 151 | B86: 50301 | C86: Bolubolu HC | D86: Southern | E86: 5 | F86: {=INDEX(Sheet1!$F$2:$F$876,MATCH($E86,Sheet1!$E$2:$E$7876,0))} -> PG-MBA | G86: Milne Bay | H86: 503 | I86: {=INDEX(Sheet1!$I$2:$I$876,MATCH(TRIM($H86),TRIM(Sheet1!$H$2:$H$880),0))} -> PG0503 | J86: KIRIWINA-GOODENOUGH | L86: FALSE | M86: Active | N86: HF | O86: 5 | P86: 13693 | Q86: =P86*20% -> 2738.6 | R86: 438 | S86: 397 | T86: =P86*3% -> 410.79 | U86: =Q86-T86 -> 2327.81
A87: 319 | B87: 100305 | C87: Bomai SC | D87: Highlands | E87: 10 | F87: {=INDEX(Sheet1!$F$2:$F$876,MATCH($E87,Sheet1!$E$2:$E$7876,0))} -> PG-CPK | G87: Chimbu | H87: 1003 | I87: {=INDEX(Sheet1!$I$2:$I$876,MATCH(TRIM($H87),TRIM(Sheet1!$H$2:$H$880),0))} -> PG1003 | J87: KARIMUI/NOMANE | L87: FALSE | M87: Active | N87: HF | O87: 10 | P87: 3993 | Q87: =P87*20% -> 798.6 | R87: 128 | S87: 116 | T87: =P87*3% -> 119.79 | U87: =Q87-T87 -> 678.81
A88: 788 | B88: 40110 | C88: Bomana CIS UC | D88: Southern | E88: 4 | F88: {=INDEX(Sheet1!$F$2:$F$876,MATCH($E88,Sheet1!$E$2:$E$7876,0))} -> PG-NCD | G88: National Capital District | H88: 401 | I88: {=INDEX(Sheet1!$I$2:$I$876,MATCH(TRIM($H88),TRIM(Sheet1!$H$2:$H$880),0))} -> 0 | J88: MORESBY NORTH EAST | L88: FALSE | M88: Active | N88: HF | O88: 4 | P88: 4581 | Q88: =P88*20% -> 916.2 | R88: 147 | S88: 133 | T88: =P88*3% -> 137.43 | U88: =Q88-T88 -> 778.77
A89: 789 | B89: 40109 | C89: Bomana Police College UC | D89: Southern | E89: 4 | F89: {=INDEX(Sheet1!$F$2:$F$876,MATCH($E89,Sheet1!$E$2:$E$7876,0))} -> PG-NCD | G89: National Capital District | H89: 401 | I89: {=INDEX(Sheet1!$I$2:$I$876,MATCH(TRIM($H89),TRIM(Sheet1!$H$2:$H$880),0))} -> 0 | J89: MORESBY NORTH EAST | L89: FALSE | M89: Active | N89: HF | O89: 4 | P89: 4111 | Q89: =P89*20% -> 822.2 | R89: 132 | S89: 119 | T89: =P89*3% -> 123.33 | U89: =Q89-T89 -> 698.87
A90: 862 | B90: 140112 | C90: Bongos SC | D90: Momase | E90: 14 | F90: {=INDEX(Sheet1!$F$2:$F$876,MATCH($E90,Sheet1!$E$2:$E$7876,0))} -> PG-ESW | G90: East Sepik | H90: 1401 | I90: {=INDEX(Sheet1!$I$2:$I$876,MATCH(TRIM($H90),TRIM(Sheet1!$H$2:$H$880),0))} -> PG1401 | J90: AMBUNTI/DREKIKIR | K90: Baptist | L90: TRUE | M90: Inactive | N90: HF | O90: 14 | P90: 16945 | Q90: =P90*20% -> 3389 | R90: 542 | S90: 491 | T90: =P90*3% -> 508.35 | U90: =Q90-T90 -> 2880.65
A91: 506 | B91: 140401 | C91: Boram HO | D91: Momase | E91: 14 | F91: {=INDEX(Sheet1!$F$2:$F$876,MATCH($E91,Sheet1!$E$2:$E$7876,0))} -> PG-ESW | G91: East Sepik | H91: 1404 | I91: {=INDEX(Sheet1!$I$2:$I$876,MATCH(TRIM($H91),TRIM(Sheet1!$H$2:$H$880),0))} -> PG1404 | J91: WEWAK | L91: FALSE | M91: Active | N91: HO | O91: 14 | P91: 4337 | Q91: =P91*20% -> 867.4 | R91: 139 | S91: 126 | T91: =P91*3% -> 130.11 | U91: =Q91-T91 -> 737.29
A92: 102 | B92: 30406 | C92: Boregaina SC | D92: Southern | E92: 3 | F92: {=INDEX(Sheet1!$F$2:$F$876,MATCH($E92,Sheet1!$E$2:$E$7876,0))} -> PG-CPM | G92: Central | H92: 304 | I92: {=INDEX(Sheet1!$I$2:$I$876,MATCH(TRIM($H92),TRIM(Sheet1!$H$2:$H$880),0))} -> PG0304 | J92: RIGO | K92: Salvation Army | L92: TRUE | M92: Active | N92: HF | O92: 3 | P92: 7124 | Q92: =P92*20% -> 1424.8 | R92: 228 | S92: 207 | T92: =P92*3% -> 213.72 | U92: =Q92-T92 -> 1211.08
A93: 65 | B93: 30101 | C93: Boru HC | D93: Southern | E93: 3 | F93: {=INDEX(Sheet1!$F$2:$F$876,MATCH($E93,Sheet1!$E$2:$E$7876,0))} -> PG-CPM | G93: Central | H93: 301 | I93: {=INDEX(Sheet1!$I$2:$I$876,MATCH(TRIM($H93),TRIM(Sheet1!$H$2:$H$880),0))} -> PG0301 | J93: ABAU | K93: United Church | L93: TRUE | M93: Active | N93: HF | O93: 3 | P93: 4257 | Q93: =P93*20% -> 851.4 | R93: 136 | S93: 123 | T93: =P93*3% -> 127.71 | U93: =Q93-T93 -> 723.69
A94: 227 | B94: 70714 | C94: Bosavi SC | D94: Highlands | E94: 7 | F94: {=INDEX(Sheet1!$F$2:$F$876,MATCH($E94,Sheet1!$E$2:$E$7876,0))} -> PG-SHM | G94: Southern Highlands | H94: 707 | I94: {=INDEX(Sheet1!$I$2:$I$876,MATCH(TRIM($H94),TRIM(Sheet1!$H$2:$H$880),0))} -> PG0707 | J94: NIPA/KUTUBU | K94: Evangelical Church of PNG (ECPNG) | L94: TRUE | M94: Active | N94: HF | O94: 7 | P94: 7031 | Q94: =P94*20% -> 1406.2 | R94: 225 | S94: 204 | T94: =P94*3% -> 210.93 | U94: =Q94-T94 -> 1195.27
A95: 4 | B95: 10104 | C95: Bosset SC | D95: Southern | E95: 1 | F95: {=INDEX(Sheet1!$F$2:$F$876,MATCH($E95,Sheet1!$E$2:$E$7876,0))} -> PG-WHM | G95: Western | H95: 101 | I95: {=INDEX(Sheet1!$I$2:$I$876,MATCH(TRIM($H95),TRIM(Sheet1!$H$2:$H$880),0))} -> PG0101 | J95: MIDDLE FLY | K95: Catholic | L95: TRUE | M95: Active | N95: HF | O95: 1 | P95: 6958 | Q95: =P95*20% -> 1391.6 | R95: 223 | S95: 202 | T95: =P95*3% -> 208.74 | U95: =Q95-T95 -> 1182.86
A96: 473 | B96: 130602 | C96: Brahman SC | D96: Momase | E96: 13 | F96: {=INDEX(Sheet1!$F$2:$F$876,MATCH($E96,Sheet1!$E$2:$E$7876,0))} -> PG-MPM | G96: Madang | H96: 1306 | I96: {=INDEX(Sheet1!$I$2:$I$876,MATCH(TRIM($H96),TRIM(Sheet1!$H$2:$H$880),0))} -> PG1306 | J96: USINO BUNDI | K96: Catholic | L96: TRUE | M96: Active | N96: HF | O96: 13 | P96: 3726 | Q96: =P96*20% -> 745.2 | R96: 119 | S96: 108 | T96: =P96*3% -> 111.78 | U96: =Q96-T96 -> 633.42
A97: 385 | B97: 120201 | C97: Braun DH | D97: Momase | E97: 12 | F97: {=INDEX(Sheet1!$F$2:$F$876,MATCH($E97,Sheet1!$E$2:$E$7876,0))} -> PG-MPL | G97: Morobe | H97: 1202 | I97: {=INDEX(Sheet1!$I$2:$I$876,MATCH(TRIM($H97),TRIM(Sheet1!$H$2:$H$880),0))} -> PG1202 | J97: FINSCHAFFEN | K97: Lutheran | L97: TRUE | M97: Active | N97: HO | O97: 12 | P97: 2310 | Q97: =P97*20% -> 462 | R97: 74 | S97: 67 | T97: =P97*3% -> 69.3 | U97: =Q97-T97 -> 392.7
A98: 11347 | B98: 140310 | C98: Brigiti CHP | D98: Momase | E98: 14 | F98: {=INDEX(Sheet1!$F$2:$F$876,MATCH($E98,Sheet1!$E$2:$E$7876,0))} -> PG-ESW | G98: East Sepik | H98: 1403 | I98: {=INDEX(Sheet1!$I$2:$I$876,MATCH(TRIM($H98),TRIM(Sheet1!$H$2:$H$880),0))} -> PG1403 | J98: MAPRIK | L98: FALSE | M98: Active | N98: HF | O98: 14 | P98: 18131 | Q98: =P98*20% -> 3626.2 | R98: 580 | S98: 526 | T98: =P98*3% -> 543.93 | U98: =Q98-T98 -> 3082.27
A99: 499 | B99: 140301 | C99: Brugam SC | D99: Momase | E99: 14 | F99: {=INDEX(Sheet1!$F$2:$F$876,MATCH($E99,Sheet1!$E$2:$E$7876,0))} -> PG-ESW | G99: East Sepik | H99: 1403 | I99: {=INDEX(Sheet1!$I$2:$I$876,MATCH(TRIM($H99),TRIM(Sheet1!$H$2:$H$880),0))} -> PG1403 | J99: MAPRIK | K99: South Sea Evangelical Church (SSEC) | L99: TRUE | M99: Active | N99: HF | O99: 14 | P99: 5845 | Q99: =P99*20% -> 1169 | R99: 187 | S99: 170 | T99: =P99*3% -> 175.35 | U99: =Q99-T99 -> 993.65
A100: 384 | B100: 120107 | C100: Buang SC | D100: Momase | E100: 12 | F100: {=INDEX(Sheet1!$F$2:$F$876,MATCH($E100,Sheet1!$E$2:$E$7876,0))} -> PG-MPL | G100: Morobe | H100: 1201 | I100: {=INDEX(Sheet1!$I$2:$I$876,MATCH(TRIM($H100),TRIM(Sheet1!$H$2:$H$880),0))} -> PG1201 | J100: BULOLO | L100: FALSE | M100: Active | N100: HF | O100: 12 | P100: 39570 | Q100: =P100*20% -> 7914 | R100: 1266 | S100: 1148 | T100: =P100*3% -> 1187.1 | U100: =Q100-T100 -> 6726.9
...

Sheet RCM (both HtH and transit)
A1: KPI Name | B1: Definition | C1: Formula | D1: Visualization Type | E1: Data Source | F1: Mockup
A2: Add filter for RCM House to House, RCM tranist points
A3: Summary | B3: Display of the summary : no of visits, # regions visited, # provinces visited, # district visited, # heath facilities visited, type of sessions monitored (by three categories, fixes, mobile, outreach) | C3: Count and categorize the numbers and variables | D3: Table (export csv) | E3: ODK submission | F3: refer to MR campaign dashboard
A4: Map of location visited during RCM | D4: Maps and red dots for locations (export csv) | E4: GPS locations collected from ODK (RCM House to House and transit) | F4: refer to MR campaign dashboard
A5: Provinces visited by differnet organization | B5: Provinces which are visited by different organization types | C5: provinces in column left/ categories of supervisors/monitors on right/ number in the cells) | D5: Tabular form (export csv) | E5: ODK submission at the end of the form (RCM house to house and RCM transit) | F5: refer to MR campaign dashboard
A6: Summary of RCM by province | B6: Columns: Region, province, # villages visited,# transit visited, # women 15-44 years, # eligible women vaccinated, # eligible women NOT vaccinated, # of villlages requiring mop-up | C6: Count and categorize the numbers and variables | D6: Table (export csv) | E6: ODK submission of RCM House to House and Transits | F6: refer to MR campaign dashboard
A7: Summary of RCM by district | B7: Columns: Region, province, district, # villages visited, # transit visited,# women 15-44 years, # eligible women vaccinated, # eligible women NOT vaccinated, # of villlages requiring mop-up | C7: Count and categorize the numbers and variables | D7: Table (export csv) | E7: ODK submission of RCM House to House and Transits | F7: refer to MR campaign dashboard
A8: Missed women in house to house by province | B8: Columns: Region, province, # records, # villages visited, # women 15-44 years, # eligible women NOT vaccinated, | C8: Count and categorize the numbers and variables | D8: Table (export csv) | E8: RCM house to house ODK submission (How many eligible women were NOT vaccinated? | F8: refer to MR campaign dashboard
A9: Missed women in house to house by district | B9: Columns: Region, province, district # records, # villages visited, # women 15-44 years, # eligible women NOT vaccinated, | C9: Count and categorize the numbers and variables | D9: Table (export csv) | E9: RCM house to house ODK submission (How many eligible women were NOT vaccinated? | F9: refer to MR campaign dashboard
A10: Missed women in transit RCM | B10: Columns: Region, province, # records, # transits visited, # women 15-44 years, # eligible women NOT vaccinated, | C10: Count and categorize the numbers and variables | D10: Table (export csv) | E10: RCM transit ODK submission (How many eligible women were NOT vaccinated? | F10: refer to MR campaign dashboard
A11: Missed women in house to house by district | B11: Columns: Region, province, district # records, # transits visited, # women 15-44 years, # eligible women NOT vaccinated, | C11: Count and categorize the numbers and variables | D11: Table (export csv) | E11: RCM transit ODK submission (How many eligible women were NOT vaccinated? | F11: refer to MR campaign dashboard
A12: Maps of locations of eligible women who did not receive Td vaccines | D12: Maps and red dots for locations (export csv) | E12: RCM house to house ODK submission (How many eligible women were NOT vaccinated? | F12: refer to MR campaign dashboard
A13: List of villages of eligible women who did not receive Td vaccines | B13: Columns: Region, provicne, districts, name of villages or settlement | C13: Count and categorize the numbers and variables | D13: Table (export csv) | E13: RCM transit form (If not vaccinated, write the address and settlement) | F13: new design (to brianstorm how to display the list of villages or link to expose)
A14: Vaccination records type by provicnes | B14: Columns: Region, province, # women 15-44 years vaccinated, confirmed by card, confirmed by recall, | C14: Count and categorize the numbers and variables | D14: Table (export csv) | E14: Women vaccinated and have a card and Women vaccinated and can recall | F14: refer to MR campaign dashboard
A15: Vaccination records type by districts | B15: Columns: Region, province, districts, # women 15-44 years vaccinated, confirmed by card, confirmed by recall, | C15: Count and categorize the numbers and variables | D15: Table (export csv) | E15: Women vaccinated and have a card and Women vaccinated and can recall | F15: refer to MR campaign dashboard
A16: Source of Information about this SIA | C16: Count and categorize the numbers and variables | D16: Bar Chart | E16: If Yes, how did they get the information about the current campaign? | F16: refer to MR campaign dashboard
A17: Reason for not being vaccinated | C17: Count and categorize the numbers and variables | D17: Bar Chart | E17: If no, what were the reasons for not being vaccinated? | F17: refer to MR campaign dashboard
A18: Did woman/parent/caregiver know about the campaign? | C18: Count and categorize the numbers and variables | D18: Pie Chart | E18: Did woman/parent/caregiver know about the campaign? | F18: refer to MR campaign dashboard
A19: Top 5 Reason for not being vaccinated by province | C19: Count top 5 response and display | D19: Table (export csv) | E19: If no, what were the reasons for not being vaccinated? | F19: refer to MR campaign dashboard
A20: Top 5 Reason for not being vaccinated by province | C20: Count top 5 response and display | D20: Table (export csv) | E20: If no, what were the reasons for not being vaccinated? | F20: refer to MR campaign dashboard
A21: Comments from monitors | D21: displays words | E21: final comments you have that will assist the program managers

Sheet Readiness assessment
A1: KPI Name | B1: Definition | C1: Formula | D1: Visualization Type | E1: Data Source | F1: Mockup
A2: National Readiness by week | B2: The percentage of readiness by week for the national level | C2: (Total weekly scores / Total overall weekly score) * 100 | D2: Bar Chart | E2: ODK Submissions | F2: Refer to shared PPT
A3: National Readiness by Thematic Area | B3: The percentage of readiness by Thematic Area and by week for the national level | C3: (Total weekly scores by thematic area / Total overall weekly score per thematic area) * 100 | D3: Bar Chart | E3: ODK Submissions | F3: Refer to shared PPT
A4: Province overall Readiness by week | B4: The percentage of readiness by week for the provincial level | C4: (Total weekly scores by province/ Total overall weekly score by province) * 100 | D4: Bar Chart | E4: ODK Submissions | F4: Refer to shared PPT
A5: Province Readiness by Thematic Area | B5: The percentage of readiness by Thematic Area and by week for the provincial level | C5: (Total weekly scores by thematic area by province/ Total overall weekly score per thematic area by province) * 100 | D5: Bar Chart | E5: ODK Submissions | F5: Refer to shared PPT
A6: Tables of Thematic Areas by week | E6: ODK Submissions | F6: Refer to shared PPT
A7: Planning, coordination and funding | B7: Readiness score | D7: Table of all scores by each variable in the thematic area | E7: ODK Submissions | F7: Refer to shared PPT
A8: Trainings and Meetings | B8: Readiness score | D8: Table of all scores by each variable in the thematic area | E8: ODK Submissions | F8: Refer to shared PPT
A9: Monitoring and Supervision | B9: Readiness score | D9: Table of all scores by each variable in the thematic area | E9: ODK Submissions | F9: Refer to shared PPT
A10: Vaccine, cold chain and logistics | B10: Readiness score | D10: Table of all scores by each variable in the thematic area | E10: ODK Submissions | F10: Refer to shared PPT
A11: Advocacy, communication and social mobilization | B11: Readiness score | D11: Table of all scores by each variable in the thematic area | E11: ODK Submissions | F11: Refer to shared PPT
A12: Accessibility | B12: Readiness score | D12: Table of all scores by each variable in the thematic area | E12: ODK Submissions | F12: Refer to shared PPT

Sheet Supervision
A1: KPI Name | B1: Definition | C1: Formula | D1: Visualization Type | E1: Data Source
A2: Summary | B2: Display of the summary : no of visits, # regions visited, # provinces visited, # district visited, # heath facilities visited, type of sessions monitored (by three categories, fixes, mobile, outreach) | C2: Count and categorize the numbers and variables | D2: Table (export csv) | E2: ODK submission
A3: Map of location visited during supervisory visit | D3: Maps and red dots for locations (export csv) | E3: GPS locations collected from ODK
A4: Provinces visited by differnet organization | B4: Provinces which are visited by different organization types | C4: provinces in column left/ categories of supervisors/monitors on right/ number in the cells) | D4: Tabular form (export csv) | E4: ODK submission at the end of the form
A5: Social mobilization | B5: Post is well marked with campaing poster, local announcements, Social mobilizers visiting in villages, IEC materials available | C5: Count yes and no responses and display proportionately | D5: Pie Chart (export csv) | E5: Supervisory checklist
A6: Cold Chain Supplies | B6: VVM in usable stage, Vaccines stored in vaccine carriers away from sunlight, Adequate number of vccines, IFA, Mama buk, | C6: Count yes and no responses and display proportionately | D6: Pie Chart (export csv) | E6: Supervisory checklist
A7: Immunization post organization | B7: Client flow good, Crowd well controlled, # vaccine and volunteers as per campaign norms, Provide routine immunization | C7: Count yes and no responses and display proportionately | D7: Pie Chart (export csv) | E7: Supervisory checklist
A8: Infection, Prevention and Control (IPC) | B8: Handwashing and sanitizing, Wearing masks, followed non-touch technique, Put needle cap in safety box immediately, | C8: Count yes and no responses and display proportionately | D8: Pie Chart (export csv) | E8: Supervisory checklist
A9: Recording and Reporting Practice | B9: Tally sheet used correctly, Every vaccianted women received vaccination card, On track to achieve its target, | C9: Count yes and no responses and display proportionately | D9: Pie Chart (export csv) | E9: Supervisory checklist
A10: Adverse Events Following Immunization (AEFI) | B10: AEFI reports during sessions, AEFI kit and reporting orm available | C10: Count yes and no responses and display proportionately | D10: Pie Chart (export csv) | E10: Supervisory checklist
A11: Td Rapid Convenience Monitoring (RCM) | B11: RCM plan with monitors/supervisors available, Mop-up plan available | C11: Count yes and no responses and display proportionately | D11: Pie Chart (export csv) | E11: Supervisory checklist

Sheet noPV2 Targets
A1: id | B1: hf_code | C1: hf_name | D1: Region | E1: province_code | F1: province_iso_code | G1: province | H1: district_code | I1: district_iso_code | J1: district | K1: churchtype | L1: is_church | M1: status | N1: hf_type | O1: province_id | P1: total_pop | Q1: pop_15_44_yrs | R1: pop_less_then_1_yr | S1: estimated_births | T1: preg_target | U1: non_preg_target
A2: 785 | B2: 40104 | C2: 6 Mile UC | D2: Southern | E2: 4 | F2: PG-NCD | G2: National Capital District | H2: 401 | J2: MORESBY NORTH EAST | L2: FALSE | M2: Active | N2: HF | O2: 4 | P2: 16119 | Q2: 3223.8 | R2: 609 | S2: 467 | T2: 483.57 | U2: 2740.23
A3: 786 | B3: 40105 | C3: 9 Mile UC | D3: Southern | E3: 4 | F3: PG-NCD | G3: National Capital District | H3: 401 | J3: MORESBY NORTH EAST | K3: Hope World Wide (PNG) | L3: TRUE | M3: Active | N3: HF | O3: 4 | P3: 11601 | Q3: 2320.2 | R3: 438 | S3: 336 | T3: 348.03 | U3: 1972.17
A4: 12 | B4: 10112 | C4: Adiba SC | D4: Southern | E4: 1 | F4: PG-WHM | G4: Western | H4: 101 | I4: PG0101 | J4: MIDDLE FLY | K4: Evangelical Church of PNG (ECPNG) | L4: TRUE | M4: Active | N4: HF | O4: 1 | P4: 11914 | Q4: 2382.8 | R4: 450 | S4: 346 | T4: 357.42 | U4: 2025.38
A5: 166 | B5: 60101 | C5: Afore HC | D5: Southern | E5: 6 | F5: PG-NPP | G5: Northern | H5: 601 | I5: PG0601 | J5: IJIVITARI | L5: FALSE | M5: Active | N5: HF | O5: 6 | P5: 4942 | Q5: 988.4 | R5: 187 | S5: 143 | T5: 148.26 | U5: 840.14
A6: 125 | B6: 50101 | C6: Agaun SC | D6: Southern | E6: 5 | F6: PG-MBA | G6: Milne Bay | H6: 501 | I6: PG0501 | J6: ALOTAU | K6: Anglican | L6: TRUE | M6: Active | N6: HF | O6: 5 | P6: 10465 | Q6: 2093 | R6: 395 | S6: 303 | T6: 313.95 | U6: 1779.05
A7: 78 | B7: 30301 | C7: Agevairu SC | D7: Southern | E7: 3 | F7: PG-CPM | G7: Central | H7: 303 | I7: PG0303 | J7: KAIRUKU/HIRI | L7: FALSE | M7: Active | N7: HF | O7: 3 | P7: 7136 | Q7: 1427.2 | R7: 269 | S7: 207 | T7: 214.08 | U7: 1213.12
A8: 449 | B8: 130301 | C8: Aiome HC | D8: Momase | E8: 13 | F8: PG-MPM | G8: Madang | H8: 1303 | I8: PG1303 | J8: MIDDLE RAMU | L8: FALSE | M8: Active | N8: HF | O8: 13 | P8: 5357 | Q8: 1071.4 | R8: 202 | S8: 155 | T8: 160.71 | U8: 910.69
A9: 525 | B9: 150101 | C9: Aitape/Raihu SC | D9: Momase | E9: 15 | F9: PG-SAN | G9: West Sepik | H9: 1501 | I9: PG1501 | J9: AITAPE/LUMI | K9: Catholic | L9: TRUE | M9: Active | N9: HO | O9: 15 | P9: 15375 | Q9: 3075 | R9: 581 | S9: 446 | T9: 461.25 | U9: 2613.75
A10: 860 | B10: 70719 | C10: Aiyo CHP | D10: Highlands | E10: 7 | F10: PG-SHM | G10: Southern Highlands | H10: 707 | I10: PG0707 | J10: NIPA/KUTUBU | L10: FALSE | M10: Active | N10: HF | O10: 7 | P10: 6333 | Q10: 1266.6 | R10: 239 | S10: 184 | T10: 189.99 | U10: 1076.61
A11: 244 | B11: 80208 | C11: Aiyokos SC | D11: Highlands | E11: 8 | F11: PG-EPW | G11: Enga | H11: 802 | I11: PG0802 | J11: KOMPIAM | K11: Baptist | L11: TRUE | M11: Active | N11: HF | O11: 8 | P11: 6246 | Q11: 1249.2 | R11: 236 | S11: 181 | T11: 187.38 | U11: 1061.82
A12: 641 | B12: 190101 | C12: Aka HC | D12: Islands | E12: 19 | F12: PG-WBK | G12: West New Britain | H12: 1901 | I12: PG1901 | J12: KANDRIAN/GLOUCESTER | L12: FALSE | M12: Active | N12: HF | O12: 19 | P12: 3130 | Q12: 626 | R12: 118 | S12: 91 | T12: 93.9 | U12: 532.1
A13: 167 | B13: 60102 | C13: Ako SC | D13: Southern | E13: 6 | F13: PG-NPP | G13: Northern | H13: 601 | I13: PG0601 | J13: IJIVITARI | L13: FALSE | M13: Active | N13: HF | O13: 6 | P13: 5342 | Q13: 1068.4 | R13: 202 | S13: 155 | T13: 160.26 | U13: 908.14
A14: 845 | B14: 190116 | C14: Akonga CHP | D14: Islands | E14: 19 | F14: PG-WBK | G14: West New Britain | H14: 1901 | I14: PG1901 | J14: KANDRIAN/GLOUCESTER | L14: FALSE | M14: Active | N14: HF | O14: 19 | P14: 2799 | Q14: 559.8 | R14: 106 | S14: 81 | T14: 83.97 | U14: 475.83
A15: 79 | B15: 30302 | C15: Akufa SC | D15: Southern | E15: 3 | F15: PG-CPM | G15: Central | H15: 303 | I15: PG0303 | J15: KAIRUKU/HIRI | K15: Catholic | L15: TRUE | M15: Active | N15: HF | O15: 3 | P15: 4482 | Q15: 896.4 | R15: 169 | S15: 130 | T15: 134.46 | U15: 761.94
A16: 503 | B16: 140306 | C16: Albinama SC | D16: Momase | E16: 14 | F16: PG-ESW | G16: East Sepik | H16: 1403 | I16: PG1403 | J16: MAPRIK | K16: South Sea Evangelical Church (SSEC) | L16: TRUE | M16: Active | N16: HF | O16: 14 | P16: 8797 | Q16: 1759.4 | R16: 332 | S16: 255 | T16: 263.91 | U16: 1495.49
A17: 440 | B17: 130201 | C17: Alexishaven HC | D17: Momase | E17: 13 | F17: PG-MPM | G17: Madang | H17: 1302 | I17: PG1302 | J17: MADANG | K17: Catholic | L17: TRUE | M17: Active | N17: HF | O17: 13 | P17: 815 | Q17: 163 | R17: 31 | S17: 24 | T17: 24.45 | U17: 138.55
A18: 299 | B18: 90703 | C18: Alkena SC | D18: Highlands | E18: 9 | F18: PG-WPD | G18: Western Highlands | H18: 907 | I18: PG0907 | J18: TAMBUL/NEBILYER | L18: FALSE | M18: Active | N18: HF | O18: 9 | P18: 402 | Q18: 80.4 | R18: 15 | S18: 12 | T18: 12.06 | U18: 68.34
A19: 126 | B19: 50102 | C19: Alotau HO | D19: Southern | E19: 5 | F19: PG-MBA | G19: Milne Bay | H19: 501 | I19: PG0501 | J19: ALOTAU | L19: FALSE | M19: Active | N19: HO | O19: 5 | P19: 5079 | Q19: 1015.8 | R19: 192 | S19: 147 | T19: 152.37 | U19: 863.43
A20: 127 | B20: 50103 | C20: Alotau UC | D20: Southern | E20: 5 | F20: PG-MBA | G20: Milne Bay | H20: 501 | I20: PG0501 | J20: ALOTAU | L20: FALSE | M20: Active | N20: HF | O20: 5 | P20: 8189 | Q20: 1637.8 | R20: 309 | S20: 237 | T20: 245.67 | U20: 1392.13
A21: 872 | B21: 210517 | C21: Aluni CHP | D21: Highlands | E21: 21 | F21: PG-HLA* | G21: Hela | H21: 2105 | I21: PG2105 | J21: KOROBA/KOPIAGO | K21: Christian Apostolic Fellowship (CAF) | L21: TRUE | M21: Active | N21: HF | O21: 21 | P21: 17652 | Q21: 3530.4 | R21: 667 | S21: 512 | T21: 529.56 | U21: 3000.84
A22: 550 | B22: 150401 | C22: Amanab HC | D22: Momase | E22: 15 | F22: PG-SAN | G22: West Sepik | H22: 1504 | I22: PG1504 | J22: VANIMO/GREEN RIVER | L22: FALSE | M22: Active | N22: HF | O22: 15 | P22: 20333 | Q22: 4066.6 | R22: 768 | S22: 590 | T22: 609.99 | U22: 3456.61
A23: 168 | B23: 60103 | C23: Ambasi SC | D23: Southern | E23: 6 | F23: PG-NPP | G23: Northern | H23: 601 | I23: PG0601 | J23: IJIVITARI | L23: FALSE | M23: Active | N23: HF | O23: 6 | P23: 2116 | Q23: 423.2 | R23: 80 | S23: 61 | T23: 63.48 | U23: 359.72
A24: 489 | B24: 140201 | C24: Amboin SC | D24: Momase | E24: 14 | F24: PG-ESW | G24: East Sepik | H24: 1402 | I24: PG1402 | J24: ANGORAM | L24: FALSE | M24: Active | N24: HF | O24: 14 | P24: 9664 | Q24: 1932.8 | R24: 365 | S24: 280 | T24: 289.92 | U24: 1642.88
A25: 752 | B25: 220408 | C25: Ambullua SC | D25: Highlands | E25: 22 | F25: PG-JWK* | G25: Jiwaka | H25: 2204 | I25: PG2204 | J25: JIMI | K25: Catholic | L25: TRUE | M25: Active | N25: HF | O25: 22 | P25: 15896 | Q25: 3179.2 | R25: 600 | S25: 461 | T25: 476.88 | U25: 2702.32
A26: 480 | B26: 140101 | C26: Ambunti HC | D26: Momase | E26: 14 | F26: PG-ESW | G26: East Sepik | H26: 1401 | I26: PG1401 | J26: AMBUNTI/DREKIKIR | L26: FALSE | M26: Active | N26: HF | O26: 14 | P26: 9055 | Q26: 1811 | R26: 342 | S26: 263 | T26: 271.65 | U26: 1539.35
A27: 642 | B27: 190102 | C27: Amio SC | D27: Islands | E27: 19 | F27: PG-WBK | G27: West New Britain | H27: 1901 | I27: PG1901 | J27: KANDRIAN/GLOUCESTER | L27: FALSE | M27: Active | N27: HF | O27: 19 | P27: 33248 | Q27: 6649.6 | R27: 1255 | S27: 964 | T27: 997.44 | U27: 5652.16
A28: 361 | B28: 110601 | C28: Andakombi SC | D28: Highlands | E28: 11 | F28: PG-EHG | G28: Eastern Highlands | H28: 1106 | I28: PG1106 | J28: OBURA/WONENARA | L28: FALSE | M28: Active | N28: HF | O28: 11 | P28: 19014 | Q28: 3802.8 | R28: 718 | S28: 551 | T28: 570.42 | U28: 3232.38
A29: 243 | B29: 80207 | C29: Anditale SC | D29: Highlands | E29: 8 | F29: PG-EPW | G29: Enga | H29: 802 | I29: PG0802 | J29: KOMPIAM | L29: FALSE | M29: Active | N29: HF | O29: 8 | P29: 3935 | Q29: 787 | R29: 149 | S29: 114 | T29: 118.05 | U29: 668.95
A30: 402 | B30: 120502 | C30: Angau Hospital | D30: Momase | E30: 12 | F30: PG-MPL | G30: Morobe | H30: 1205 | I30: PG1205 | J30: LAE | L30: FALSE | M30: Active | N30: HO | O30: 12 | P30: 2065 | Q30: 413 | R30: 78 | S30: 60 | T30: 61.95 | U30: 351.05
A31: 824 | B31: 120501 | C31: Angau Hospital UC | D31: Momase | E31: 12 | F31: PG-MPL | G31: Morobe | H31: 1205 | I31: PG1205 | J31: LAE | L31: FALSE | M31: Inactive | N31: HF | O31: 12 | P31: 27065 | Q31: 5413 | R31: 1022 | S31: 785 | T31: 811.95 | U31: 4601.05
A32: 11341 | B32: 40210 | C32: Anglicare Begabari | D32: Southern | E32: 4 | F32: PG-NCD | G32: National Capital District | H32: 402 | J32: MORESBY NORTH WEST | K32: Anglican | L32: TRUE | M32: Active | N32: HF | O32: 4 | P32: 9943 | Q32: 1988.6 | R32: 375 | S32: 288 | T32: 298.29 | U32: 1690.31
A33: 490 | B33: 140202 | C33: Angoram HC | D33: Momase | E33: 14 | F33: PG-ESW | G33: East Sepik | H33: 1402 | I33: PG1402 | J33: ANGORAM | L33: FALSE | M33: Active | N33: HF | O33: 14 | P33: 2996 | Q33: 599.2 | R33: 113 | S33: 87 | T33: 89.88 | U33: 509.32
A34: 533 | B34: 150201 | C34: Anguganak HC | D34: Momase | E34: 15 | F34: PG-SAN | G34: West Sepik | H34: 1502 | I34: PG1502 | J34: NUKU | K34: Christian Brethren Church (CBC) | L34: TRUE | M34: Active | N34: HF | O34: 15 | P34: 6461 | Q34: 1292.2 | R34: 244 | S34: 187 | T34: 193.83 | U34: 1098.37
A35: 450 | B35: 130302 | C35: Annaberg HC | D35: Momase | E35: 13 | F35: PG-MPM | G35: Madang | H35: 1303 | I35: PG1303 | J35: MIDDLE RAMU | K35: Catholic | L35: TRUE | M35: Active | N35: HF | O35: 13 | P35: 7935 | Q35: 1587 | R35: 300 | S35: 230 | T35: 238.05 | U35: 1348.95
A36: 624 | B36: 180301 | C36: Aona SC | D36: Islands | E36: 18 | F36: PG-EBR | G36: East New Britain | H36: 1803 | I36: PG1803 | J36: POMIO | K36: Catholic | L36: TRUE | M36: Active | N36: HF | O36: 18 | P36: 14298 | Q36: 2859.6 | R36: 540 | S36: 415 | T36: 428.94 | U36: 2430.66
A37: 486 | B37: 140108 | C37: April River SC | D37: Momase | E37: 14 | F37: PG-ESW | G37: East Sepik | H37: 1401 | I37: PG1401 | J37: AMBUNTI/DREKIKIR | K37: South Sea Evangelical Church (SSEC) | L37: TRUE | M37: Active | N37: HF | O37: 14 | P37: 6577 | Q37: 1315.4 | R37: 248 | S37: 191 | T37: 197.31 | U37: 1118.09
A38: 241 | B38: 80205 | C38: Araguli SC | D38: Highlands | E38: 8 | F38: PG-EPW | G38: Enga | H38: 802 | I38: PG0802 | J38: KOMPIAM | K38: Baptist | L38: TRUE | M38: Active | N38: HF | O38: 8 | P38: 11094 | Q38: 2218.8 | R38: 419 | S38: 322 | T38: 332.82 | U38: 1885.98
A39: 673 | B39: 200101 | C39: Arawa DH | D39: Islands | E39: 20 | F39: PG-NSB | G39: Autonomous Region of Bougainville | H39: 2001 | I39: PG2002 | J39: CENTRAL BOUGAINVILLE | L39: FALSE | M39: Active | N39: HO | O39: 20 | P39: 11735 | Q39: 2347 | R39: 443 | S39: 340 | T39: 352.05 | U39: 1994.95
A40: 432 | B40: 130101 | C40: Ariangon SC | D40: Momase | E40: 13 | F40: PG-MPM | G40: Madang | H40: 1301 | I40: PG1301 | J40: BOGIA | K40: Catholic | L40: TRUE | M40: Active | N40: HF | O40: 13 | P40: 3239 | Q40: 647.8 | R40: 122 | S40: 94 | T40: 97.17 | U40: 550.63
A41: 341 | B41: 110101 | C41: Asaro HC | D41: Highlands | E41: 11 | F41: PG-EHG | G41: Eastern Highlands | H41: 1101 | I41: PG1101 | J41: DAULO | L41: FALSE | M41: Active | N41: HF | O41: 11 | P41: 6736 | Q41: 1347.2 | R41: 254 | S41: 195 | T41: 202.08 | U41: 1145.12
A42: 416 | B42: 120701 | C42: Aseki HC | D42: Momase | E42: 12 | F42: PG-MPL | G42: Morobe | H42: 1207 | I42: PG1207 | J42: MENYAMYA | K42: Lutheran | L42: TRUE | M42: Active | N42: HF | O42: 12 | P42: 4946 | Q42: 989.2 | R42: 188 | S42: 143 | T42: 148.38 | U42: 840.82
A43: 809 | B43: 90517 | C43: Atenga CHP | D43: Highlands | E43: 9 | F43: PG-WPD | G43: Western Highlands | H43: 905 | I43: PG0905 | J43: MUL/BAIYER | L43: FALSE | M43: Active | N43: HF | O43: 9 | P43: 5874 | Q43: 1174.8 | R43: 223 | S43: 170 | T43: 176.22 | U43: 998.58
A44: 744 | B44: 220108 | C44: Aviamp SC | D44: Highlands | E44: 22 | F44: PG-JWK* | G44: Jiwaka | H44: 2201 | J44: SOUTH WAGHI | K44: Christian Apostolic Fellowship (CAF) | L44: TRUE | M44: Active | N44: HF | O44: 22 | P44: 4015 | Q44: 803 | R44: 152 | S44: 116 | T44: 120.45 | U44: 682.55
A45: 1 | B45: 10101 | C45: Awaba SC | D45: Southern | E45: 1 | F45: PG-WHM | G45: Western | H45: 101 | I45: PG0101 | J45: MIDDLE FLY | K45: Evangelical Church of PNG (ECPNG) | L45: TRUE | M45: Active | N45: HF | O45: 1 | P45: 5279 | Q45: 1055.8 | R45: 200 | S45: 153 | T45: 158.37 | U45: 897.43
A46: 587 | B46: 170201 | C46: Babase SC | D46: Islands | E46: 17 | F46: PG-NIK | G46: New Ireland | H46: 1702 | I46: PG1702 | J46: NAMATANAI | L46: FALSE | M46: Active | N46: HF | O46: 17 | Q46: 0 | T46: 0 | U46: 0
A47: 787 | B47: 40301 | C47: Badili UC | D47: Southern | E47: 4 | F47: PG-NCD | G47: National Capital District | H47: 403 | J47: MORESBY SOUTH | L47: FALSE | M47: Active | N47: HF | O47: 4 | P47: 13371 | Q47: 2674.2 | R47: 507 | S47: 388 | T47: 401.13 | U47: 2273.07
A48: 843 | B48: 190219 | C48: Baea CHP | D48: Islands | E48: 19 | F48: PG-WBK | G48: West New Britain | H48: 1902 | I48: PG1902 | J48: TALASEA | L48: FALSE | M48: Active | N48: HF | O48: 19 | P48: 43033 | Q48: 8606.6 | R48: 1632 | S48: 1248 | T48: 1290.99 | U48: 7315.61
A49: 465 | B49: 130501 | C49: Bagabag SC | D49: Momase | E49: 13 | F49: PG-MPM | G49: Madang | H49: 1305 | I49: PG1305 | J49: SUMKAR | K49: Lutheran | L49: TRUE | M49: Active | N49: HF | O49: 13 | P49: 24485 | Q49: 4897 | R49: 928 | S49: 710 | T49: 734.55 | U49: 4162.45
A50: 225 | B50: 70712 | C50: Baguale SC | D50: Highlands | E50: 7 | F50: PG-SHM | G50: Southern Highlands | H50: 707 | I50: PG0707 | J50: NIPA/KUTUBU | L50: FALSE | M50: Active | N50: HF | O50: 7 | P50: 6054 | Q50: 1210.8 | R50: 230 | S50: 176 | T50: 181.62 | U50: 1029.18
A51: 58 | B51: 20201 | C51: Baimuru HC | D51: Southern | E51: 2 | F51: PG-GPK | G51: Gulf | H51: 202 | I51: PG0202 | J51: KIKORI | L51: FALSE | M51: Active | N51: HF | O51: 2 | P51: 5724 | Q51: 1144.8 | R51: 217 | S51: 166 | T51: 171.72 | U51: 973.08
A52: 782 | B52: 90309 | C52: Baisu UC | D52: Highlands | E52: 9 | F52: PG-WPD | G52: Western Highlands | H52: 903 | I52: PG0903 | J52: MT HAGEN | L52: FALSE | M52: Active | N52: HF | O52: 9 | P52: 5146 | Q52: 1029.2 | R52: 195 | S52: 149 | T52: 154.38 | U52: 874.82
A53: 447 | B53: 130209 | C53: Baitabag SC | D53: Momase | E53: 13 | F53: PG-MPM | G53: Madang | H53: 1302 | I53: PG1302 | J53: MADANG | K53: Lutheran | L53: TRUE | M53: Active | N53: HF | O53: 13 | P53: 8867 | Q53: 1773.4 | R53: 336 | S53: 257 | T53: 266.01 | U53: 1507.39
A54: 80 | B54: 30303 | C54: Bakoiudu SC | D54: Southern | E54: 3 | F54: PG-CPM | G54: Central | H54: 303 | I54: PG0303 | J54: KAIRUKU/HIRI | K54: Catholic | L54: TRUE | M54: Active | N54: HF | O54: 3 | P54: 2754 | Q54: 550.8 | R54: 104 | S54: 80 | T54: 82.62 | U54: 468.18
A55: 11348 | B55: 140411 | C55: Balam CHP | D55: Momase | E55: 14 | F55: PG-ESW | G55: East Sepik | H55: 1404 | I55: PG1404 | J55: WEWAK | L55: FALSE | M55: Active | N55: HF | O55: 14 | P55: 4350 | Q55: 870 | R55: 165 | S55: 126 | T55: 130.5 | U55: 739.5
A56: 780 | B56: 90307 | C56: Balg SC | D56: Highlands | E56: 9 | F56: PG-WPD | G56: Western Highlands | H56: 903 | I56: PG0903 | J56: MT HAGEN | K56: Holy Spirit Ministry | L56: TRUE | M56: Active | N56: HF | O56: 9 | P56: 5394 | Q56: 1078.8 | R56: 205 | S56: 156 | T56: 161.82 | U56: 916.98
A57: 2 | B57: 10102 | C57: Balimo HC | D57: Southern | E57: 1 | F57: PG-WHM | G57: Western | H57: 101 | I57: PG0101 | J57: MIDDLE FLY | K57: Evangelical Church of PNG (ECPNG) | L57: TRUE | M57: Active | N57: HO | O57: 1 | P57: 24485 | Q57: 4897 | R57: 928 | S57: 710 | T57: 734.55 | U57: 4162.45
A58: 864 | B58: 10115 | C58: Balimo UC | D58: Southern | E58: 1 | F58: PG-WHM | G58: Western | H58: 101 | I58: PG0101 | J58: MIDDLE FLY | L58: FALSE | M58: Active | N58: HF | O58: 1 | P58: 10178 | Q58: 2035.6 | R58: 386 | S58: 295 | T58: 305.34 | U58: 1730.26
A59: 11392 | B59: 30107 | C59: Bam CHP | D59: Southern | E59: 3 | F59: PG-CPM | G59: Central | H59: 301 | I59: PG0301 | J59: ABAU | L59: FALSE | M59: Active | N59: HF | O59: 3 | P59: 14415 | Q59: 2883 | R59: 547 | S59: 418 | T59: 432.45 | U59: 2450.55
A60: 826 | B60: 140111 | C60: Bana SC | D60: Momase | E60: 14 | F60: PG-ESW | G60: East Sepik | H60: 1401 | I60: PG1401 | J60: AMBUNTI/DREKIKIR | K60: Nazarene | L60: TRUE | M60: Active | N60: HF | O60: 14 | P60: 10894 | Q60: 2178.8 | R60: 413 | S60: 316 | T60: 326.82 | U60: 1851.98
A61: 759 | B61: 220606 | C61: Banz No. 1 UC | D61: Highlands | E61: 22 | F61: PG-JWK* | G61: Jiwaka | H61: 2206 | I61: PG2206 | J61: NORTH WAGHI | K61: Lutheran | L61: TRUE | M61: Active | N61: HF | O61: 22 | P61: 7383 | Q61: 1476.6 | R61: 280 | S61: 214 | T61: 221.49 | U61: 1255.11
A62: 822 | B62: 220608 | C62: Banz No. 2 UC | D62: Highlands | E62: 22 | F62: PG-JWK* | G62: Jiwaka | H62: 2206 | I62: PG2206 | J62: NORTH WAGHI | K62: Catholic | L62: TRUE | M62: Active | N62: HF | O62: 22 | P62: 24343 | Q62: 4868.6 | R62: 923 | S62: 706 | T62: 730.29 | U62: 4138.31
A63: 362 | B63: 110602 | C63: Barabundora SC | D63: Highlands | E63: 11 | F63: PG-EHG | G63: Eastern Highlands | H63: 1106 | I63: PG1106 | J63: OBURA/WONENARA | K63: Evangelical Brotherhood Church (EBC) | L63: TRUE | M63: Active | N63: HF | O63: 11 | Q63: 0 | T63: 0 | U63: 0
A64: 11351 | B64: 150413 | C64: Baro CHP | D64: Momase | E64: 15 | F64: PG-SAN | G64: West Sepik | H64: 1504 | I64: PG1504 | J64: VANIMO/GREEN RIVER | L64: FALSE | M64: Active | N64: HF | O64: 15 | P64: 10964 | Q64: 2192.8 | R64: 416 | S64: 318 | T64: 328.92 | U64: 1863.88
A65: 141 | B65: 50401 | C65: Basima SC | D65: Southern | E65: 5 | F65: PG-MBA | G65: Milne Bay | H65: 504 | I65: PG0504 | J65: ESA'ALA | K65: Catholic | L65: TRUE | M65: Active | N65: HF | O65: 5 | P65: 1997 | Q65: 399.4 | R65: 64 | S65: 58 | T65: 59.91 | U65: 339.49
A66: 464 | B66: 130408 | C66: Bawak SC | D66: Momase | E66: 13 | F66: PG-MPM | G66: Madang | H66: 1304 | I66: PG1304 | J66: RAI COAST | L66: FALSE | M66: Active | N66: HF | O66: 13 | P66: 15376 | Q66: 3075.2 | R66: 492 | S66: 446 | T66: 461.28 | U66: 2613.92
A67: 472 | B67: 130601 | C67: Begesin SC | D67: Momase | E67: 13 | F67: PG-MPM | G67: Madang | H67: 1306 | I67: PG1306 | J67: USINO BUNDI | K67: Lutheran | L67: TRUE | M67: Active | N67: HF | O67: 13 | P67: 20332 | Q67: 4066.4 | R67: 651 | S67: 590 | T67: 609.96 | U67: 3456.44
A68: 42 | B68: 20101 | C68: Bema SC | D68: Southern | E68: 2 | F68: PG-GPK | G68: Gulf | H68: 201 | I68: PG0201 | J68: KEREMA | K68: Catholic | L68: TRUE | M68: Active | N68: HF | O68: 2 | P68: 14064 | Q68: 2812.8 | R68: 450 | S68: 408 | T68: 421.92 | U68: 2390.88
A69: 707 | B69: 210401 | C69: Benalia SC | D69: Highlands | E69: 21 | F69: PG-HLA* | G69: Hela | H69: 2104 | I69: PG2104 | J69: KOMO/MARGARIMA | K69: Evangelical Church of PNG (ECPNG) | L69: TRUE | M69: Active | N69: HF | O69: 21 | P69: 3311 | Q69: 662.2 | R69: 106 | S69: 96 | T69: 99.33 | U69: 562.87
A70: 81 | B70: 30304 | C70: Bereina HC | D70: Southern | E70: 3 | F70: PG-CPM | G70: Central | H70: 303 | I70: PG0303 | J70: KAIRUKU/HIRI | L70: FALSE | M70: Active | N70: HF | O70: 3 | P70: 10766 | Q70: 2153.2 | R70: 345 | S70: 312 | T70: 322.98 | U70: 1830.22
A71: 551 | B71: 150402 | C71: Bewani HC | D71: Momase | E71: 15 | F71: PG-SAN | G71: West Sepik | H71: 1504 | I71: PG1504 | J71: VANIMO/GREEN RIVER | L71: FALSE | M71: Active | N71: HF | O71: 15 | P71: 8111 | Q71: 1622.2 | R71: 260 | S71: 235 | T71: 243.33 | U71: 1378.87
A72: 656 | B72: 190201 | C72: Bialla HC | D72: Islands | E72: 19 | F72: PG-WBK | G72: West New Britain | H72: 1902 | I72: PG1902 | J72: TALASEA | L72: FALSE | M72: Active | N72: HF | O72: 19 | P72: 18149 | Q72: 3629.8 | R72: 581 | S72: 526 | T72: 544.47 | U72: 3085.33
A73: 433 | B73: 130102 | C73: Bieng SC | D73: Momase | E73: 13 | F73: PG-MPM | G73: Madang | H73: 1301 | I73: PG1301 | J73: BOGIA | K73: Catholic | L73: TRUE | M73: Active | N73: HF | O73: 13 | P73: 7005 | Q73: 1401 | R73: 224 | S73: 203 | T73: 210.15 | U73: 1190.85
A74: 463 | B74: 130407 | C74: Biliau SC | D74: Momase | E74: 13 | F74: PG-MPM | G74: Madang | H74: 1304 | I74: PG1304 | J74: RAI COAST | K74: Lutheran | L74: TRUE | M74: Active | N74: HF | O74: 13 | P74: 5703 | Q74: 1140.6 | R74: 182 | S74: 165 | T74: 171.09 | U74: 969.51
A75: 657 | B75: 190202 | C75: Bitokara HC | D75: Islands | E75: 19 | F75: PG-WBK | G75: West New Britain | H75: 1902 | I75: PG1902 | J75: TALASEA | K75: Catholic | L75: TRUE | M75: Active | N75: HF | O75: 19 | P75: 3895 | Q75: 779 | R75: 125 | S75: 113 | T75: 116.85 | U75: 662.15
A76: 491 | B76: 140203 | C76: Biwat SC | D76: Momase | E76: 14 | F76: PG-ESW | G76: East Sepik | H76: 1402 | I76: PG1402 | J76: ANGORAM | K76: Catholic | L76: TRUE | M76: Active | N76: HF | O76: 14 | Q76: 0 | T76: 0 | U76: 0
A77: 421 | B77: 120801 | C77: Boac SC | D77: Momase | E77: 12 | F77: PG-MPL | G77: Morobe | H77: 1208 | I77: PG1208 | J77: NAWAE | L77: FALSE | M77: Active | N77: HF | O77: 12 | P77: 10532 | Q77: 2106.4 | R77: 337 | S77: 305 | T77: 315.96 | U77: 1790.44
A78: 422 | B78: 120802 | C78: Boana HC | D78: Momase | E78: 12 | F78: PG-MPL | G78: Morobe | H78: 1208 | I78: PG1208 | J78: NAWAE | L78: FALSE | M78: Active | N78: HF | O78: 12 | P78: 6227 | Q78: 1245.4 | R78: 199 | S78: 181 | T78: 186.81 | U78: 1058.59
A79: 3 | B79: 10103 | C79: Boboa Lake Murray HC | D79: Southern | E79: 1 | F79: PG-WHM | G79: Western | H79: 101 | I79: PG0101 | J79: MIDDLE FLY | L79: FALSE | M79: Active | N79: HF | O79: 1 | P79: 3690 | Q79: 738 | R79: 118 | S79: 107 | T79: 110.7 | U79: 627.3
A80: 434 | B80: 130103 | C80: Bogia HC | D80: Momase | E80: 13 | F80: PG-MPM | G80: Madang | H80: 1301 | I80: PG1301 | J80: BOGIA | L80: FALSE | M80: Active | N80: HF | O80: 13 | P80: 14298 | Q80: 2859.6 | R80: 458 | S80: 415 | T80: 428.94 | U80: 2430.66
A81: 326 | B81: 100406 | C81: Bogo SC | D81: Highlands | E81: 10 | F81: PG-CPK | G81: Chimbu | H81: 1004 | I81: PG1004 | J81: KEROWAGI | K81: Catholic | L81: TRUE | M81: Active | N81: HF | O81: 10 | P81: 1202 | Q81: 240.4 | R81: 38 | S81: 35 | T81: 36.06 | U81: 204.34
A82: 705 | B82: 200315 | C82: Boku HC | D82: Islands | E82: 20 | F82: PG-NSB | G82: Autonomous Region of Bougainville | H82: 2003 | I82: PG2003 | J82: SOUTH BOUGAINVILLE | L82: FALSE | M82: Active | N82: HF | O82: 20 | P82: 1854 | Q82: 370.8 | R82: 59 | S82: 54 | T82: 55.62 | U82: 315.18
A83: 97 | B83: 30401 | C83: Boku SC | D83: Southern | E83: 3 | F83: PG-CPM | G83: Central | H83: 304 | I83: PG0304 | J83: RIGO | L83: FALSE | M83: Active | N83: HF | O83: 3 | P83: 8677 | Q83: 1735.4 | R83: 278 | S83: 252 | T83: 260.31 | U83: 1475.09
A84: 604 | B84: 170101 | C84: Bol SC | D84: Islands | E84: 17 | F84: PG-NIK | G84: New Ireland | H84: 1701 | I84: PG1701 | J84: KAVIENG | L84: FALSE | M84: Active | N84: HF | O84: 17 | P84: 18130 | Q84: 3626 | R84: 580 | S84: 526 | T84: 543.9 | U84: 3082.1
A85: 671 | B85: 190216 | C85: Bola SC | D85: Islands | E85: 19 | F85: PG-WBK | G85: West New Britain | H85: 1902 | I85: PG1902 | J85: TALASEA | L85: FALSE | M85: Active | N85: HF | O85: 19 | P85: 10882 | Q85: 2176.4 | R85: 348 | S85: 316 | T85: 326.46 | U85: 1849.94
A86: 151 | B86: 50301 | C86: Bolubolu HC | D86: Southern | E86: 5 | F86: PG-MBA | G86: Milne Bay | H86: 503 | I86: PG0503 | J86: KIRIWINA-GOODENOUGH | L86: FALSE | M86: Active | N86: HF | O86: 5 | P86: 13693 | Q86: 2738.6 | R86: 438 | S86: 397 | T86: 410.79 | U86: 2327.81
A87: 319 | B87: 100305 | C87: Bomai SC | D87: Highlands | E87: 10 | F87: PG-CPK | G87: Chimbu | H87: 1003 | I87: PG1003 | J87: KARIMUI/NOMANE | L87: FALSE | M87: Active | N87: HF | O87: 10 | P87: 3993 | Q87: 798.6 | R87: 128 | S87: 116 | T87: 119.79 | U87: 678.81
A88: 788 | B88: 40110 | C88: Bomana CIS UC | D88: Southern | E88: 4 | F88: PG-NCD | G88: National Capital District | H88: 401 | J88: MORESBY NORTH EAST | L88: FALSE | M88: Active | N88: HF | O88: 4 | P88: 4581 | Q88: 916.2 | R88: 147 | S88: 133 | T88: 137.43 | U88: 778.77
A89: 789 | B89: 40109 | C89: Bomana Police College UC | D89: Southern | E89: 4 | F89: PG-NCD | G89: National Capital District | H89: 401 | J89: MORESBY NORTH EAST | L89: FALSE | M89: Active | N89: HF | O89: 4 | P89: 4111 | Q89: 822.2 | R89: 132 | S89: 119 | T89: 123.33 | U89: 698.87
A90: 862 | B90: 140112 | C90: Bongos SC | D90: Momase | E90: 14 | F90: PG-ESW | G90: East Sepik | H90: 1401 | I90: PG1401 | J90: AMBUNTI/DREKIKIR | K90: Baptist | L90: TRUE | M90: Inactive | N90: HF | O90: 14 | P90: 16945 | Q90: 3389 | R90: 542 | S90: 491 | T90: 508.35 | U90: 2880.65
A91: 506 | B91: 140401 | C91: Boram HO | D91: Momase | E91: 14 | F91: PG-ESW | G91: East Sepik | H91: 1404 | I91: PG1404 | J91: WEWAK | L91: FALSE | M91: Active | N91: HO | O91: 14 | P91: 4337 | Q91: 867.4 | R91: 139 | S91: 126 | T91: 130.11 | U91: 737.29
A92: 102 | B92: 30406 | C92: Boregaina SC | D92: Southern | E92: 3 | F92: PG-CPM | G92: Central | H92: 304 | I92: PG0304 | J92: RIGO | K92: Salvation Army | L92: TRUE | M92: Active | N92: HF | O92: 3 | P92: 7124 | Q92: 1424.8 | R92: 228 | S92: 207 | T92: 213.72 | U92: 1211.08
A93: 65 | B93: 30101 | C93: Boru HC | D93: Southern | E93: 3 | F93: PG-CPM | G93: Central | H93: 301 | I93: PG0301 | J93: ABAU | K93: United Church | L93: TRUE | M93: Active | N93: HF | O93: 3 | P93: 4257 | Q93: 851.4 | R93: 136 | S93: 123 | T93: 127.71 | U93: 723.69
A94: 227 | B94: 70714 | C94: Bosavi SC | D94: Highlands | E94: 7 | F94: PG-SHM | G94: Southern Highlands | H94: 707 | I94: PG0707 | J94: NIPA/KUTUBU | K94: Evangelical Church of PNG (ECPNG) | L94: TRUE | M94: Active | N94: HF | O94: 7 | P94: 7031 | Q94: 1406.2 | R94: 225 | S94: 204 | T94: 210.93 | U94: 1195.27
A95: 4 | B95: 10104 | C95: Bosset SC | D95: Southern | E95: 1 | F95: PG-WHM | G95: Western | H95: 101 | I95: PG0101 | J95: MIDDLE FLY | K95: Catholic | L95: TRUE | M95: Active | N95: HF | O95: 1 | P95: 6958 | Q95: 1391.6 | R95: 223 | S95: 202 | T95: 208.74 | U95: 1182.86
A96: 473 | B96: 130602 | C96: Brahman SC | D96: Momase | E96: 13 | F96: PG-MPM | G96: Madang | H96: 1306 | I96: PG1306 | J96: USINO BUNDI | K96: Catholic | L96: TRUE | M96: Active | N96: HF | O96: 13 | P96: 3726 | Q96: 745.2 | R96: 119 | S96: 108 | T96: 111.78 | U96: 633.42
A97: 385 | B97: 120201 | C97: Braun DH | D97: Momase | E97: 12 | F97: PG-MPL | G97: Morobe | H97: 1202 | I97: PG1202 | J97: FINSCHAFFEN | K97: Lutheran | L97: TRUE | M97: Active | N97: HO | O97: 12 | P97: 2310 | Q97: 462 | R97: 74 | S97: 67 | T97: 69.3 | U97: 392.7
A98: 11347 | B98: 140310 | C98: Brigiti CHP | D98: Momase | E98: 14 | F98: PG-ESW | G98: East Sepik | H98: 1403 | I98: PG1403 | J98: MAPRIK | L98: FALSE | M98: Active | N98: HF | O98: 14 | P98: 18131 | Q98: 3626.2 | R98: 580 | S98: 526 | T98: 543.93 | U98: 3082.27
A99: 499 | B99: 140301 | C99: Brugam SC | D99: Momase | E99: 14 | F99: PG-ESW | G99: East Sepik | H99: 1403 | I99: PG1403 | J99: MAPRIK | K99: South Sea Evangelical Church (SSEC) | L99: TRUE | M99: Active | N99: HF | O99: 14 | P99: 5845 | Q99: 1169 | R99: 187 | S99: 170 | T99: 175.35 | U99: 993.65
A100: 384 | B100: 120107 | C100: Buang SC | D100: Momase | E100: 12 | F100: PG-MPL | G100: Morobe | H100: 1201 | I100: PG1201 | J100: BULOLO | L100: FALSE | M100: Active | N100: HF | O100: 12 | P100: 39570 | Q100: 7914 | R100: 1266 | S100: 1148 | T100: 1187.1 | U100: 6726.9
...

Sheet Sheet1
A1: id | B1: hf_code | C1: hf_name | D1: region | E1: province_code | F1: province_iso_code | G1: province | H1: district_code | I1: district_iso_code | J1: district | K1: churchtype | L1: is_church | M1: status | N1: hf_type | O1: province_id | P1: total_pop | Q1: pop_15-44 yrs | R1: pop_less_then_1_yr | S1: estimated_births | T1: preg_target | U1: non_preg_target
A2: 1 | B2: 10101 | C2: Awaba SC | D2: Southern | E2: 1 | F2: PG-WHM | G2: Western | H2: 101 | I2: PG0101 | J2: MIDDLE FLY | K2: Evangelical Church of PNG (ECPNG) | L2: TRUE | M2: Active | N2: HF | O2: 1 | P2: 16119 | Q2: 3629 | R2: 609 | S2: 467 | T2: 1000 | U2: 2629
A3: 2 | B3: 10102 | C3: Balimo HC | D3: Southern | E3: 1 | F3: PG-WHM | G3: Western | H3: 101 | I3: PG0101 | J3: MIDDLE FLY | K3: Evangelical Church of PNG (ECPNG) | L3: TRUE | M3: Active | N3: HO | O3: 1 | P3: 11601 | Q3: 2612 | R3: 438 | S3: 336 | T3: 1001 | U3: 1611
A4: 3 | B4: 10103 | C4: Boboa Lake Murray HC | D4: Southern | E4: 1 | F4: PG-WHM | G4: Western | H4: 101 | I4: PG0101 | J4: MIDDLE FLY | L4: FALSE | M4: Active | N4: HF | O4: 1 | P4: 11914 | Q4: 2682 | R4: 450 | S4: 346 | T4: 1002 | U4: 1680
A5: 4 | B5: 10104 | C5: Bosset SC | D5: Southern | E5: 1 | F5: PG-WHM | G5: Western | H5: 101 | I5: PG0101 | J5: MIDDLE FLY | K5: Catholic | L5: TRUE | M5: Active | N5: HF | O5: 1 | P5: 4942 | Q5: 1113 | R5: 187 | S5: 143 | T5: 1003 | U5: 110
A6: 5 | B6: 10105 | C6: Emeti HC | D6: Southern | E6: 1 | F6: PG-WHM | G6: Western | H6: 101 | I6: PG0101 | J6: MIDDLE FLY | L6: FALSE | M6: Active | N6: HF | O6: 1 | P6: 10465 | Q6: 2356 | R6: 395 | S6: 303 | T6: 1004 | U6: 1352
A7: 6 | B7: 10106 | C7: Kamusi Clinic | D7: Southern | E7: 1 | F7: PG-WHM | G7: Western | H7: 101 | I7: PG0101 | J7: MIDDLE FLY | L7: FALSE | M7: Active | N7: HF | O7: 1 | P7: 7136 | Q7: 1607 | R7: 269 | S7: 207 | T7: 1005 | U7: 602
A8: 7 | B8: 10107 | C8: Mapoda SC | D8: Southern | E8: 1 | F8: PG-WHM | G8: Western | H8: 101 | I8: PG0101 | J8: MIDDLE FLY | K8: Evangelical Church of PNG (ECPNG) | L8: TRUE | M8: Active | N8: HF | O8: 1 | P8: 5357 | Q8: 1206 | R8: 202 | S8: 155 | T8: 1006 | U8: 200
A9: 8 | B9: 10108 | C9: Nomad HC | D9: Southern | E9: 1 | F9: PG-WHM | G9: Western | H9: 101 | I9: PG0101 | J9: MIDDLE FLY | L9: FALSE | M9: Active | N9: HF | O9: 1 | P9: 15375 | Q9: 3461 | R9: 581 | S9: 446 | T9: 1007 | U9: 2454
A10: 9 | B10: 10109 | C10: Obo SC | D10: Southern | E10: 1 | F10: PG-WHM | G10: Western | H10: 101 | I10: PG0101 | J10: MIDDLE FLY | K10: Evangelical Church of PNG (ECPNG) | L10: TRUE | M10: Active | N10: HF | O10: 1 | P10: 6333 | Q10: 1426 | R10: 239 | S10: 184 | T10: 1008 | U10: 418
A11: 10 | B11: 10110 | C11: Wasua SC | D11: Southern | E11: 1 | F11: PG-WHM | G11: Western | H11: 101 | I11: PG0101 | J11: MIDDLE FLY | K11: Evangelical Church of PNG (ECPNG) | L11: TRUE | M11: Active | N11: HF | O11: 1 | P11: 6246 | Q11: 1406 | R11: 236 | S11: 181 | T11: 1009 | U11: 397
A12: 11 | B12: 10111 | C12: Wawoi SC | D12: Southern | E12: 1 | F12: PG-WHM | G12: Western | H12: 101 | I12: PG0101 | J12: MIDDLE FLY | K12: Evangelical Church of PNG (ECPNG) | L12: TRUE | M12: Active | N12: HO | O12: 1 | P12: 3130 | Q12: 705 | R12: 118 | S12: 91 | T12: 500 | U12: 205
A13: 12 | B13: 10112 | C13: Adiba SC | D13: Southern | E13: 1 | F13: PG-WHM | G13: Western | H13: 101 | I13: PG0101 | J13: MIDDLE FLY | K13: Evangelical Church of PNG (ECPNG) | L13: TRUE | M13: Active | N13: HF | O13: 1 | P13: 5342 | Q13: 1203 | R13: 202 | S13: 155 | T13: 1011 | U13: 192
A14: 13 | B14: 10116 | C14: Debepari SC | D14: Southern | E14: 1 | F14: PG-WHM | G14: Western | H14: 101 | I14: PG0101 | J14: MIDDLE FLY | K14: Evangelical Church of PNG (ECPNG) | L14: TRUE | M14: Active | N14: HF | O14: 1 | P14: 2799 | Q14: 630 | R14: 106 | S14: 81 | T14: 200 | U14: 430
A15: 14 | B15: 10117 | C15: Mougulu SC | D15: Southern | E15: 1 | F15: PG-WHM | G15: Western | H15: 101 | I15: PG0101 | J15: MIDDLE FLY | K15: Evangelical Church of PNG (ECPNG) | L15: TRUE | M15: Active | N15: HF | O15: 1 | P15: 4482 | Q15: 1009 | R15: 169 | S15: 130 | T15: 600 | U15: 409
A16: 15 | B16: 10114 | C16: Tapila SC | D16: Southern | E16: 1 | F16: PG-WHM | G16: Western | H16: 102 | I16: PG0101 | J16: MIDDLE FLY | L16: FALSE | M16: Active | N16: HF | O16: 1 | P16: 8797 | Q16: 1980 | R16: 332 | S16: 255 | T16: 601 | U16: 1379
A17: 17 | B17: 10203 | C17: Dome SC | D17: Southern | E17: 1 | F17: PG-WHM | G17: Western | H17: 102 | I17: PG0102 | J17: NORTH FLY | K17: Evangelical Church of PNG (ECPNG) | L17: TRUE | M17: Active | N17: HF | O17: 1 | P17: 815 | Q17: 184 | R17: 31 | S17: 24 | T17: 60 | U17: 124
A18: 18 | B18: 10204 | C18: Golgobip SC | D18: Southern | E18: 1 | F18: PG-WHM | G18: Western | H18: 102 | I18: PG0102 | J18: NORTH FLY | K18: Catholic | L18: TRUE | M18: Active | N18: HF | O18: 1 | P18: 402 | Q18: 90 | R18: 15 | S18: 12 | T18: 60 | U18: 30
A19: 19 | B19: 10205 | C19: Haewenae SC | D19: Southern | E19: 1 | F19: PG-WHM | G19: Western | H19: 102 | I19: PG0102 | J19: NORTH FLY | K19: Evangelical Church of PNG (ECPNG) | L19: TRUE | M19: Active | N19: HF | O19: 1 | P19: 5079 | Q19: 1143 | R19: 192 | S19: 147 | T19: 604 | U19: 539
A20: 20 | B20: 10206 | C20: Iowara SC | D20: Southern | E20: 1 | F20: PG-WHM | G20: Western | H20: 102 | I20: PG0102 | J20: NORTH FLY | K20: Catholic | L20: TRUE | M20: Active | N20: HF | O20: 1 | P20: 8189 | Q20: 1831 | R20: 309 | S20: 237 | T20: 605 | U20: 1226
A21: 21 | B21: 10208 | C21: Kiunga HO | D21: Southern | E21: 1 | F21: PG-WHM | G21: Western | H21: 102 | I21: PG0102 | J21: NORTH FLY | L21: FALSE | M21: Active | N21: HO | O21: 1 | P21: 17652 | Q21: 3974 | R21: 667 | S21: 512 | T21: 606 | U21: 3368
A22: 22 | B22: 10209 | C22: Kiunga Catholic UC | D22: Southern | E22: 1 | F22: PG-WHM | G22: Western | H22: 102 | I22: PG0102 | J22: NORTH FLY | K22: Catholic | L22: TRUE | M22: Active | N22: HF | O22: 1 | P22: 20333 | Q22: 4577 | R22: 768 | S22: 590 | T22: 607 | U22: 3970
A23: 23 | B23: 10210 | C23: Kungim SC | D23: Southern | E23: 1 | F23: PG-WHM | G23: Western | H23: 102 | I23: PG0102 | J23: NORTH FLY | K23: Catholic | L23: TRUE | M23: Active | N23: HF | O23: 1 | P23: 2116 | Q23: 476 | R23: 80 | S23: 61 | T23: 60 | U23: 416
A24: 24 | B24: 10211 | C24: Matkomnai SC | D24: Southern | E24: 1 | F24: PG-WHM | G24: Western | H24: 102 | I24: PG0102 | J24: NORTH FLY | K24: Catholic | L24: TRUE | M24: Active | N24: HF | O24: 1 | P24: 9664 | Q24: 2176 | R24: 365 | S24: 280 | T24: 609 | U24: 1567
A25: 25 | B25: 10213 | C25: Ningerum HC | D25: Southern | E25: 1 | F25: PG-WHM | G25: Western | H25: 102 | I25: PG0102 | J25: NORTH FLY | L25: FALSE | M25: Active | N25: HF | O25: 1 | P25: 15896 | Q25: 3579 | R25: 600 | S25: 461 | T25: 610 | U25: 2969
A26: 26 | B26: 10214 | C26: Olsobip HC | D26: Southern | E26: 1 | F26: PG-WHM | G26: Western | H26: 102 | I26: PG0102 | J26: NORTH FLY | L26: FALSE | M26: Active | N26: HF | O26: 1 | P26: 9055 | Q26: 2038 | R26: 342 | S26: 263 | T26: 611 | U26: 1427
A27: 27 | B27: 10215 | C27: Rumginae HC | D27: Southern | E27: 1 | F27: PG-WHM | G27: Western | H27: 102 | I27: PG0102 | J27: NORTH FLY | K27: Evangelical Church of PNG (ECPNG) | L27: TRUE | M27: Active | N27: HF | O27: 1 | P27: 33248 | Q27: 7434 | R27: 1255 | S27: 964 | T27: 612 | U27: 6822
A28: 28 | B28: 10219 | C28: Tabubil UC | D28: Southern | E28: 1 | F28: PG-WHM | G28: Western | H28: 102 | I28: PG0102 | J28: NORTH FLY | L28: FALSE | M28: Active | N28: HF | O28: 1 | P28: 19014 | Q28: 4280 | R28: 718 | S28: 551 | T28: 613 | U28: 3667
A29: 29 | B29: 10217 | C29: Tarakbits SC | D29: Southern | E29: 1 | F29: PG-WHM | G29: Western | H29: 102 | I29: PG0102 | J29: NORTH FLY | K29: Catholic | L29: TRUE | M29: Active | N29: HF | O29: 1 | P29: 3935 | Q29: 886 | R29: 149 | S29: 114 | T29: 614 | U29: 272
A30: 30 | B30: 10218 | C30: Membok SC | D30: Southern | E30: 1 | F30: PG-WHM | G30: Western | H30: 102 | I30: PG0102 | J30: NORTH FLY | K30: Catholic | L30: TRUE | M30: Active | N30: HF | O30: 1 | P30: 2065 | Q30: 465 | R30: 78 | S30: 60 | T30: 60 | U30: 405
A31: 31 | B31: 10301 | C31: Daru HO | D31: Southern | E31: 1 | F31: PG-WHM | G31: Western | H31: 103 | I31: PG0103 | J31: SOUTH FLY | L31: FALSE | M31: Active | N31: HO | O31: 1 | P31: 27065 | Q31: 6093 | R31: 1022 | S31: 785 | T31: 616 | U31: 5477
A32: 32 | B32: 10302 | C32: Daru UC | D32: Southern | E32: 1 | F32: PG-WHM | G32: Western | H32: 103 | I32: PG0103 | J32: SOUTH FLY | L32: FALSE | M32: Active | N32: HF | O32: 1 | P32: 9943 | Q32: 2238 | R32: 375 | S32: 288 | T32: 617 | U32: 1621
A33: 33 | B33: 10303 | C33: Kibuli SC | D33: Southern | E33: 1 | F33: PG-WHM | G33: Western | H33: 103 | I33: PG0103 | J33: SOUTH FLY | L33: FALSE | M33: Active | N33: HF | O33: 1 | P33: 2996 | Q33: 674 | R33: 113 | S33: 87 | T33: 618 | U33: 56
A34: 34 | B34: 10304 | C34: Kunini SC | D34: Southern | E34: 1 | F34: PG-WHM | G34: Western | H34: 103 | I34: PG0103 | J34: SOUTH FLY | L34: FALSE | M34: Active | N34: HF | O34: 1 | P34: 6461 | Q34: 1455 | R34: 244 | S34: 187 | T34: 619 | U34: 836
A35: 35 | B35: 10305 | C35: Mabudawan HC | D35: Southern | E35: 1 | F35: PG-WHM | G35: Western | H35: 103 | I35: PG0103 | J35: SOUTH FLY | L35: FALSE | M35: Active | N35: HF | O35: 1 | P35: 7935 | Q35: 1786 | R35: 300 | S35: 230 | T35: 620 | U35: 1166
A36: 36 | B36: 10306 | C36: Morehead HC | D36: Southern | E36: 1 | F36: PG-WHM | G36: Western | H36: 103 | I36: PG0103 | J36: SOUTH FLY | L36: FALSE | M36: Active | N36: HF | O36: 1 | P36: 14298 | Q36: 3219 | R36: 540 | S36: 415 | T36: 621 | U36: 2598
A37: 37 | B37: 10307 | C37: Samari SC | D37: Southern | E37: 1 | F37: PG-WHM | G37: Western | H37: 103 | I37: PG0103 | J37: SOUTH FLY | L37: FALSE | M37: Active | N37: HF | O37: 1 | P37: 6577 | Q37: 1481 | R37: 248 | S37: 191 | T37: 622 | U37: 859
A38: 38 | B38: 10308 | C38: Suki (Giwa) SC | D38: Southern | E38: 1 | F38: PG-WHM | G38: Western | H38: 103 | I38: PG0103 | J38: SOUTH FLY | K38: Evangelical Church of PNG (ECPNG) | L38: TRUE | M38: Active | N38: HF | O38: 1 | P38: 11094 | Q38: 2497 | R38: 419 | S38: 322 | T38: 623 | U38: 1874
A39: 39 | B39: 10310 | C39: Teapopo HC | D39: Southern | E39: 1 | F39: PG-WHM | G39: Western | H39: 103 | I39: PG0103 | J39: SOUTH FLY | L39: FALSE | M39: Active | N39: HF | O39: 1 | P39: 11735 | Q39: 2642 | R39: 443 | S39: 340 | T39: 624 | U39: 2018
A40: 40 | B40: 10311 | C40: Upiara SC | D40: Southern | E40: 1 | F40: PG-WHM | G40: Western | H40: 103 | I40: PG0103 | J40: SOUTH FLY | K40: Evangelical Church of PNG (ECPNG) | L40: TRUE | M40: Active | N40: HF | O40: 1 | P40: 3239 | Q40: 729 | R40: 122 | S40: 94 | T40: 625 | U40: 104
A41: 41 | B41: 10312 | C41: Wipim HC | D41: Southern | E41: 1 | F41: PG-WHM | G41: Western | H41: 103 | I41: PG0103 | J41: SOUTH FLY | L41: FALSE | M41: Active | N41: HF | O41: 1 | P41: 6736 | Q41: 1516 | R41: 254 | S41: 195 | T41: 626 | U41: 890
A42: 42 | B42: 20101 | C42: Bema SC | D42: Southern | E42: 2 | F42: PG-GPK | G42: Gulf | H42: 201 | I42: PG0201 | J42: KEREMA | K42: Catholic | L42: TRUE | M42: Active | N42: HF | O42: 2 | P42: 4946 | Q42: 1118 | R42: 188 | S42: 143 | T42: 627 | U42: 491
A43: 43 | B43: 20102 | C43: Hawabango SC | D43: Southern | E43: 2 | F43: PG-GPK | G43: Gulf | H43: 201 | I43: PG0201 | J43: KEREMA | K43: Catholic | L43: TRUE | M43: Active | N43: HF | O43: 2 | P43: 5874 | Q43: 1327 | R43: 223 | S43: 170 | T43: 628 | U43: 699
A44: 44 | B44: 20103 | C44: Iokea SC | D44: Southern | E44: 2 | F44: PG-GPK | G44: Gulf | H44: 201 | I44: PG0201 | J44: KEREMA | L44: FALSE | M44: Active | N44: HF | O44: 2 | P44: 4015 | Q44: 907 | R44: 152 | S44: 116 | T44: 629 | U44: 278
A45: 45 | B45: 20104 | C45: Kaintiba HC | D45: Southern | E45: 2 | F45: PG-GPK | G45: Gulf | H45: 201 | I45: PG0201 | J45: KEREMA | L45: FALSE | M45: Active | N45: HF | O45: 2 | P45: 5279 | Q45: 1193 | R45: 200 | S45: 153 | T45: 630 | U45: 563
A46: 46 | B46: 20105 | C46: Kakoro SC | D46: Southern | E46: 2 | F46: PG-GPK | G46: Gulf | H46: 201 | I46: PG0201 | J46: KEREMA | L46: FALSE | M46: Inactive | N46: HF | O46: 2 | T46: 631 | U46: -631
A47: 47 | B47: 20106 | C47: Kamina HC | D47: Southern | E47: 2 | F47: PG-GPK | G47: Gulf | H47: 201 | I47: PG0201 | J47: KEREMA | K47: Catholic | L47: TRUE | M47: Active | N47: HF | O47: 2 | P47: 13371 | Q47: 3022 | R47: 507 | S47: 388 | T47: 632 | U47: 2390
A48: 48 | B48: 20107 | C48: Kanabea HC | D48: Southern | E48: 2 | F48: PG-GPK | G48: Gulf | H48: 201 | I48: PG0201 | J48: KEREMA | K48: Catholic | L48: TRUE | M48: Active | N48: HF | O48: 2 | P48: 43033 | Q48: 9724 | R48: 1632 | S48: 1248 | T48: 633 | U48: 9091
A49: 49 | B49: 20108 | C49: Kerema HO | D49: Southern | E49: 2 | F49: PG-GPK | G49: Gulf | H49: 201 | I49: PG0201 | J49: KEREMA | L49: FALSE | M49: Active | N49: HO | O49: 2 | P49: 24485 | Q49: 5533 | R49: 928 | S49: 710 | T49: 634 | U49: 4899
A50: 50 | B50: 20109 | C50: Koaru SC | D50: Southern | E50: 2 | F50: PG-GPK | G50: Gulf | H50: 201 | I50: PG0201 | J50: KEREMA | K50: United Church | L50: TRUE | M50: Active | N50: HF | O50: 2 | P50: 6054 | Q50: 1368 | R50: 230 | S50: 176 | T50: 635 | U50: 733
A51: 51 | B51: 20110 | C51: Kukupi HC | D51: Southern | E51: 2 | F51: PG-GPK | G51: Gulf | H51: 201 | I51: PG0201 | J51: KEREMA | L51: FALSE | M51: Active | N51: HF | O51: 2 | P51: 5724 | Q51: 1294 | R51: 217 | S51: 166 | T51: 636 | U51: 658
A52: 52 | B52: 20111 | C52: Lese Avihara SC | D52: Southern | E52: 2 | F52: PG-GPK | G52: Gulf | H52: 201 | I52: PG0201 | J52: KEREMA | K52: United Church | L52: TRUE | M52: Active | N52: HF | O52: 2 | P52: 5146 | Q52: 1163 | R52: 195 | S52: 149 | T52: 637 | U52: 526
A53: 53 | B53: 20112 | C53: Malalaua HC | D53: Southern | E53: 2 | F53: PG-GPK | G53: Gulf | H53: 201 | I53: PG0201 | J53: KEREMA | L53: FALSE | M53: Active | N53: HF | O53: 2 | P53: 8867 | Q53: 2004 | R53: 336 | S53: 257 | T53: 638 | U53: 1366
A54: 54 | B54: 20113 | C54: Murua SC | D54: Southern | E54: 2 | F54: PG-GPK | G54: Gulf | H54: 201 | I54: PG0201 | J54: KEREMA | L54: FALSE | M54: Active | N54: HF | O54: 2 | P54: 2754 | Q54: 622 | R54: 104 | S54: 80 | T54: 60 | U54: 562
A55: 55 | B55: 20114 | C55: Putei SC | D55: Southern | E55: 2 | F55: PG-GPK | G55: Gulf | H55: 201 | I55: PG0201 | J55: KEREMA | K55: Catholic | L55: TRUE | M55: Active | N55: HF | O55: 2 | P55: 4350 | Q55: 983 | R55: 165 | S55: 126 | T55: 640 | U55: 343
A56: 56 | B56: 20115 | C56: Terapo SC | D56: Southern | E56: 2 | F56: PG-GPK | G56: Gulf | H56: 201 | I56: PG0201 | J56: KEREMA | K56: Catholic | L56: TRUE | M56: Active | N56: HF | O56: 2 | P56: 5394 | Q56: 1219 | R56: 205 | S56: 156 | T56: 641 | U56: 578
A57: 57 | B57: 20116 | C57: Kerema UC | D57: Southern | E57: 2 | F57: PG-GPK | G57: Gulf | H57: 201 | I57: PG0201 | J57: KEREMA | L57: FALSE | M57: Active | N57: HF | O57: 2 | P57: 24485 | Q57: 5533 | R57: 928 | S57: 710 | T57: 642 | U57: 4891
A58: 58 | B58: 20201 | C58: Baimuru HC | D58: Southern | E58: 2 | F58: PG-GPK | G58: Gulf | H58: 202 | I58: PG0202 | J58: KIKORI | L58: FALSE | M58: Active | N58: HF | O58: 2 | P58: 10178 | Q58: 2300 | R58: 386 | S58: 295 | T58: 643 | U58: 1657
A59: 59 | B59: 20202 | C59: Ihu HC | D59: Southern | E59: 2 | F59: PG-GPK | G59: Gulf | H59: 202 | I59: PG0202 | J59: KIKORI | L59: FALSE | M59: Active | N59: HF | O59: 2 | P59: 14415 | Q59: 3258 | R59: 547 | S59: 418 | T59: 644 | U59: 2614
A60: 60 | B60: 20203 | C60: Kapuna HC | D60: Southern | E60: 2 | F60: PG-GPK | G60: Gulf | H60: 202 | I60: PG0202 | J60: KIKORI | K60: Gulf Christian Church | L60: TRUE | M60: Active | N60: HO | O60: 2 | P60: 10894 | Q60: 2462 | R60: 413 | S60: 316 | T60: 645 | U60: 1817
A61: 61 | B61: 20204 | C61: Karauti SC | D61: Southern | E61: 2 | F61: PG-GPK | G61: Gulf | H61: 202 | I61: PG0202 | J61: KIKORI | K61: United Church | L61: TRUE | M61: Active | N61: HF | O61: 2 | P61: 7383 | Q61: 1668 | R61: 280 | S61: 214 | T61: 646 | U61: 1022
A62: 62 | B62: 20205 | C62: Kikori HC | D62: Southern | E62: 2 | F62: PG-GPK | G62: Gulf | H62: 202 | I62: PG0202 | J62: KIKORI | K62: Gulf Christian Church | L62: TRUE | M62: Active | N62: HF | O62: 2 | P62: 24343 | Q62: 5501 | R62: 923 | S62: 706 | T62: 647 | U62: 4854
A63: 63 | B63: 20206 | C63: Komaio SC | D63: Southern | E63: 2 | F63: PG-GPK | G63: Gulf | H63: 202 | I63: PG0202 | J63: KIKORI | L63: FALSE | M63: Inactive | N63: HF | O63: 2 | T63: 648 | U63: -648
A64: 64 | B64: 20208 | C64: Orokolo SC | D64: Southern | E64: 2 | F64: PG-GPK | G64: Gulf | H64: 202 | I64: PG0202 | J64: KIKORI | K64: United Church | L64: TRUE | M64: Active | N64: HF | O64: 2 | P64: 10964 | Q64: 2478 | R64: 416 | S64: 318 | T64: 649 | U64: 1829
A65: 65 | B65: 30101 | C65: Boru HC | D65: Southern | E65: 3 | F65: PG-CPM | G65: Central | H65: 301 | I65: PG0301 | J65: ABAU | K65: United Church | L65: TRUE | M65: Active | N65: HF | O65: 3 | P65: 1997 | Q65: 444 | R65: 64 | S65: 58 | T65: 60 | U65: 384
A66: 66 | B66: 30102 | C66: Iruna HC | D66: Southern | E66: 3 | F66: PG-CPM | G66: Central | H66: 301 | I66: PG0301 | J66: ABAU | K66: United Church | L66: TRUE | M66: Active | N66: HF | O66: 3 | P66: 15376 | Q66: 3421 | R66: 492 | S66: 446 | T66: 651 | U66: 2770
A67: 67 | B67: 30103 | C67: Kupiano HC | D67: Southern | E67: 3 | F67: PG-CPM | G67: Central | H67: 301 | I67: PG0301 | J67: ABAU | L67: FALSE | M67: Active | N67: HF | O67: 3 | P67: 20332 | Q67: 4523 | R67: 651 | S67: 590 | T67: 652 | U67: 3871
A68: 68 | B68: 30104 | C68: Moreguina HC | D68: Southern | E68: 3 | F68: PG-CPM | G68: Central | H68: 301 | I68: PG0301 | J68: ABAU | L68: FALSE | M68: Active | N68: HF | O68: 3 | P68: 14064 | Q68: 3129 | R68: 450 | S68: 408 | T68: 653 | U68: 2476
A69: 69 | B69: 30105 | C69: Upulima SC | D69: Southern | E69: 3 | F69: PG-CPM | G69: Central | H69: 301 | I69: PG0301 | J69: ABAU | L69: FALSE | M69: Active | N69: HF | O69: 3 | P69: 3311 | Q69: 737 | R69: 106 | S69: 96 | T69: 654 | U69: 83
A70: 70 | B70: 30201 | C70: Fane SC | D70: Southern | E70: 3 | F70: PG-CPM | G70: Central | H70: 302 | I70: PG0302 | J70: GOILALA | K70: Catholic | L70: TRUE | M70: Active | N70: HF | O70: 3 | P70: 10766 | Q70: 2395 | R70: 345 | S70: 312 | T70: 655 | U70: 1740
A71: 72 | B71: 30203 | C71: Ononge SC | D71: Southern | E71: 3 | F71: PG-CPM | G71: Central | H71: 302 | I71: PG0302 | J71: GOILALA | K71: Catholic | L71: TRUE | M71: Active | N71: HF | O71: 3 | P71: 8111 | Q71: 1804 | R71: 260 | S71: 235 | T71: 656 | U71: 1148
A72: 73 | B72: 30204 | C72: Tapini HC | D72: Southern | E72: 3 | F72: PG-CPM | G72: Central | H72: 302 | I72: PG0302 | J72: GOILALA | K72: Catholic | L72: TRUE | M72: Active | N72: HF | O72: 3 | P72: 18149 | Q72: 4038 | R72: 581 | S72: 526 | T72: 657 | U72: 3381
A73: 74 | B73: 30205 | C73: Woitape HC | D73: Southern | E73: 3 | F73: PG-CPM | G73: Central | H73: 302 | I73: PG0302 | J73: GOILALA | L73: FALSE | M73: Active | N73: HF | O73: 3 | P73: 7005 | Q73: 1558 | R73: 224 | S73: 203 | T73: 658 | U73: 900
A74: 75 | B74: 30206 | C74: Yongai SC | D74: Southern | E74: 3 | F74: PG-CPM | G74: Central | H74: 302 | I74: PG0302 | J74: GOILALA | K74: Catholic | L74: TRUE | M74: Active | N74: HF | O74: 3 | P74: 5703 | Q74: 1269 | R74: 182 | S74: 165 | T74: 659 | U74: 610
A75: 76 | B75: 30207 | C75: Tororo SC | D75: Southern | E75: 3 | F75: PG-CPM | G75: Central | H75: 302 | I75: PG0302 | J75: GOILALA | K75: Seventh-Day Adventist | L75: TRUE | M75: Active | N75: HF | O75: 3 | P75: 3895 | Q75: 867 | R75: 125 | S75: 113 | T75: 660 | U75: 207
A76: 77 | B76: 30208 | C76: Yulai SC | D76: Southern | E76: 3 | F76: PG-CPM | G76: Central | H76: 302 | I76: PG0302 | J76: GOILALA | L76: FALSE | M76: Inactive | N76: HF | O76: 3 | T76: 661 | U76: -661
A77: 78 | B77: 30301 | C77: Agevairu SC | D77: Southern | E77: 3 | F77: PG-CPM | G77: Central | H77: 303 | I77: PG0303 | J77: KAIRUKU/HIRI | L77: FALSE | M77: Active | N77: HF | O77: 3 | P77: 10532 | Q77: 2343 | R77: 337 | S77: 305 | T77: 662 | U77: 1681
A78: 79 | B78: 30302 | C78: Akufa SC | D78: Southern | E78: 3 | F78: PG-CPM | G78: Central | H78: 303 | I78: PG0303 | J78: KAIRUKU/HIRI | K78: Catholic | L78: TRUE | M78: Active | N78: HF | O78: 3 | P78: 6227 | Q78: 1385 | R78: 199 | S78: 181 | T78: 663 | U78: 722
A79: 80 | B79: 30303 | C79: Bakoiudu SC | D79: Southern | E79: 3 | F79: PG-CPM | G79: Central | H79: 303 | I79: PG0303 | J79: KAIRUKU/HIRI | K79: Catholic | L79: TRUE | M79: Active | N79: HF | O79: 3 | P79: 3690 | Q79: 821 | R79: 118 | S79: 107 | T79: 664 | U79: 157
A80: 81 | B80: 30304 | C80: Bereina HC | D80: Southern | E80: 3 | F80: PG-CPM | G80: Central | H80: 303 | I80: PG0303 | J80: KAIRUKU/HIRI | L80: FALSE | M80: Active | N80: HF | O80: 3 | P80: 14298 | Q80: 3181 | R80: 458 | S80: 415 | T80: 665 | U80: 2516
A81: 82 | B81: 30305 | C81: Efogi SC | D81: Southern | E81: 3 | F81: PG-CPM | G81: Central | H81: 303 | I81: PG0303 | J81: KAIRUKU/HIRI | K81: Seventh-Day Adventist | L81: TRUE | M81: Active | N81: HF | O81: 3 | P81: 1202 | Q81: 267 | R81: 38 | S81: 35 | T81: 60 | U81: 207
A82: 83 | B82: 30306 | C82: Goldie SC | D82: Southern | E82: 3 | F82: PG-CPM | G82: Central | H82: 303 | I82: PG0303 | J82: KAIRUKU/HIRI | L82: FALSE | M82: Active | N82: HF | O82: 3 | P82: 1854 | Q82: 413 | R82: 59 | S82: 54 | T82: 60 | U82: 353
A83: 84 | B83: 30307 | C83: Inawaia SC | D83: Southern | E83: 3 | F83: PG-CPM | G83: Central | H83: 303 | I83: PG0303 | J83: KAIRUKU/HIRI | K83: Catholic | L83: TRUE | M83: Active | N83: HF | O83: 3 | P83: 8677 | Q83: 1930 | R83: 278 | S83: 252 | T83: 668 | U83: 1262
A84: 85 | B84: 30308 | C84: RMC UC | D84: Southern | E84: 3 | F84: PG-CPM | G84: Central | H84: 303 | I84: PG0303 | J84: KAIRUKU/HIRI | L84: FALSE | M84: Active | N84: HF | O84: 3 | P84: 18130 | Q84: 4033 | R84: 580 | S84: 526 | T84: 669 | U84: 3364
A85: 86 | B85: 30309 | C85: Sogeri SC | D85: Southern | E85: 3 | F85: PG-CPM | G85: Central | H85: 303 | I85: PG0303 | J85: KAIRUKU/HIRI | L85: FALSE | M85: Active | N85: HF | O85: 3 | P85: 10882 | Q85: 2421 | R85: 348 | S85: 316 | T85: 670 | U85: 1751
A86: 87 | B86: 30310 | C86: Veifa'a HC | D86: Southern | E86: 3 | F86: PG-CPM | G86: Central | H86: 303 | I86: PG0303 | J86: KAIRUKU/HIRI | K86: Catholic | L86: TRUE | M86: Active | N86: HF | O86: 3 | P86: 13693 | Q86: 3046 | R86: 438 | S86: 397 | T86: 671 | U86: 2375
A87: 88 | B87: 30311 | C87: Waima SC | D87: Southern | E87: 3 | F87: PG-CPM | G87: Central | H87: 303 | I87: PG0303 | J87: KAIRUKU/HIRI | K87: Catholic | L87: TRUE | M87: Active | N87: HF | O87: 3 | P87: 3993 | Q87: 888 | R87: 128 | S87: 116 | T87: 672 | U87: 216
A88: 89 | B88: 30312 | C88: Yule Island SC | D88: Southern | E88: 3 | F88: PG-CPM | G88: Central | H88: 303 | I88: PG0303 | J88: KAIRUKU/HIRI | K88: Catholic | L88: TRUE | M88: Active | N88: HF | O88: 3 | P88: 4581 | Q88: 1019 | R88: 147 | S88: 133 | T88: 673 | U88: 346
A89: 90 | B89: 30313 | C89: Doa SC | D89: Southern | E89: 3 | F89: PG-CPM | G89: Central | H89: 303 | I89: PG0303 | J89: KAIRUKU/HIRI | L89: FALSE | M89: Active | N89: HF | O89: 3 | P89: 4111 | Q89: 915 | R89: 132 | S89: 119 | T89: 674 | U89: 241
A90: 91 | B90: 30314 | C90: Porebada SC | D90: Southern | E90: 3 | F90: PG-CPM | G90: Central | H90: 303 | I90: PG0303 | J90: KAIRUKU/HIRI | L90: FALSE | M90: Active | N90: HF | O90: 3 | P90: 16945 | Q90: 3770 | R90: 542 | S90: 491 | T90: 675 | U90: 3095
A91: 92 | B91: 30315 | C91: Pau SC | D91: Southern | E91: 3 | F91: PG-CPM | G91: Central | H91: 303 | I91: PG0303 | J91: KAIRUKU/HIRI | K91: Seventh-Day Adventist | L91: TRUE | M91: Active | N91: HF | O91: 3 | P91: 4337 | Q91: 965 | R91: 139 | S91: 126 | T91: 676 | U91: 289
A92: 93 | B92: 30316 | C92: Kuriva SC | D92: Southern | E92: 3 | F92: PG-CPM | G92: Central | H92: 303 | I92: PG0303 | J92: KAIRUKU/HIRI | L92: FALSE | M92: Active | N92: HF | O92: 3 | P92: 7124 | Q92: 1585 | R92: 228 | S92: 207 | T92: 677 | U92: 908
